,training_time,test_time,n_train,n_test,score,feat_vect_length,error,error_msg,input_cspace,target_cspace,hog_orient_nbins,hog_pix_per_cell,hog_cell_per_block,hog_channel,spatial_binning_size,hist_channels,hist_nbins,spatial_feat,hist_feat,hog_feat
0,29.387405157089233,23.622591257095337,8894,8894,0.982122779402,2731,False,,BGR,YCrCb,10,"(8, 8)","(2, 2)","(0,)","(15, 15)","(0, 1, 2)",32,True,True,True
1,29.95177912712097,25.64420509338379,8894,8894,0.98605801664,3019,False,,BGR,YCrCb,10,"(8, 8)","(2, 2)","(0,)","(15, 15)","(0, 1, 2)",128,True,True,True
2,34.52499079704285,30.152409553527832,8894,8894,0.987219848587,3403,False,,BGR,YCrCb,10,"(8, 8)","(2, 2)","(0,)","(15, 15)","(0, 1, 2)",256,True,True,True
3,33.84029293060303,27.641945123672485,8894,8894,0.972753166929,2731,False,,BGR,YCrCb,10,"(8, 8)","(2, 2)","(1,)","(15, 15)","(0, 1, 2)",32,True,True,True
4,38.589621782302856,32.05384683609009,8894,8894,0.973952477326,3019,False,,BGR,YCrCb,10,"(8, 8)","(2, 2)","(1,)","(15, 15)","(0, 1, 2)",128,True,True,True
5,44.11945939064026,38.2859902381897,8894,8894,0.974964395473,3403,False,,BGR,YCrCb,10,"(8, 8)","(2, 2)","(1,)","(15, 15)","(0, 1, 2)",256,True,True,True
6,44.78457188606262,35.54247188568115,8894,8894,0.962971291507,2731,False,,BGR,YCrCb,10,"(8, 8)","(2, 2)","(2,)","(15, 15)","(0, 1, 2)",32,True,True,True
7,47.852256536483765,38.69858479499817,8894,8894,0.968293231392,3019,False,,BGR,YCrCb,10,"(8, 8)","(2, 2)","(2,)","(15, 15)","(0, 1, 2)",128,True,True,True
8,52.08448243141174,43.70632457733154,8894,8894,0.971403942733,3403,False,,BGR,YCrCb,10,"(8, 8)","(2, 2)","(2,)","(15, 15)","(0, 1, 2)",256,True,True,True
9,70.48649597167969,65.55642008781433,8894,8894,0.988306723634,6651,False,,BGR,YCrCb,10,"(8, 8)","(2, 2)","(0, 1, 2)","(15, 15)","(0, 1, 2)",32,True,True,True
10,74.12648153305054,69.78418755531311,8894,8894,0.988231766734,6939,False,,BGR,YCrCb,10,"(8, 8)","(2, 2)","(0, 1, 2)","(15, 15)","(0, 1, 2)",128,True,True,True
11,79.24473142623901,75.03398132324219,8894,8894,0.988718986583,7323,False,,BGR,YCrCb,10,"(8, 8)","(2, 2)","(0, 1, 2)","(15, 15)","(0, 1, 2)",256,True,True,True
12,38.40795350074768,31.384128093719482,8894,8894,0.983771831197,4011,False,,BGR,YCrCb,10,"(8, 8)","(3, 3)","(0,)","(15, 15)","(0, 1, 2)",32,True,True,True
13,38.62030267715454,33.05180907249451,8894,8894,0.987594633086,4299,False,,BGR,YCrCb,10,"(8, 8)","(3, 3)","(0,)","(15, 15)","(0, 1, 2)",128,True,True,True
14,45.28863739967346,39.36423182487488,8894,8894,0.988756465033,4683,False,,BGR,YCrCb,10,"(8, 8)","(3, 3)","(0,)","(15, 15)","(0, 1, 2)",256,True,True,True
15,48.37502861022949,38.842949628829956,8894,8894,0.972078554831,4011,False,,BGR,YCrCb,10,"(8, 8)","(3, 3)","(1,)","(15, 15)","(0, 1, 2)",32,True,True,True
16,51.78851628303528,42.14038825035095,8894,8894,0.975001873922,4299,False,,BGR,YCrCb,10,"(8, 8)","(3, 3)","(1,)","(15, 15)","(0, 1, 2)",128,True,True,True
17,56.98209571838379,49.39980173110962,8894,8894,0.97575144292,4683,False,,BGR,YCrCb,10,"(8, 8)","(3, 3)","(1,)","(15, 15)","(0, 1, 2)",256,True,True,True
18,69.07707977294922,51.01533889770508,8894,8894,0.963945731205,4011,False,,BGR,YCrCb,10,"(8, 8)","(3, 3)","(2,)","(15, 15)","(0, 1, 2)",32,True,True,True
19,68.5453085899353,55.165494441986084,8894,8894,0.969567498688,4299,False,,BGR,YCrCb,10,"(8, 8)","(3, 3)","(2,)","(15, 15)","(0, 1, 2)",128,True,True,True
20,75.69716382026672,62.43577218055725,8894,8894,0.973052994528,4683,False,,BGR,YCrCb,10,"(8, 8)","(3, 3)","(2,)","(15, 15)","(0, 1, 2)",256,True,True,True
21,107.86970138549805,99.21331715583801,8894,8894,0.988044374485,10491,False,,BGR,YCrCb,10,"(8, 8)","(3, 3)","(0, 1, 2)","(15, 15)","(0, 1, 2)",32,True,True,True
22,109.86988687515259,102.61002922058105,8894,8894,0.988681508133,10779,False,,BGR,YCrCb,10,"(8, 8)","(3, 3)","(0, 1, 2)","(15, 15)","(0, 1, 2)",128,True,True,True
23,117.7593879699707,110.51794981956482,8894,8894,0.989468555581,11163,False,,BGR,YCrCb,10,"(8, 8)","(3, 3)","(0, 1, 2)","(15, 15)","(0, 1, 2)",256,True,True,True
24,46.2610809803009,36.66568994522095,8894,8894,0.983509482048,4771,False,,BGR,YCrCb,10,"(8, 8)","(4, 4)","(0,)","(15, 15)","(0, 1, 2)",32,True,True,True
25,46.962589502334595,39.6484260559082,8894,8894,0.988718986583,5059,False,,BGR,YCrCb,10,"(8, 8)","(4, 4)","(0,)","(15, 15)","(0, 1, 2)",128,True,True,True
26,52.55391526222229,45.55786204338074,8894,8894,0.988156809834,5443,False,,BGR,YCrCb,10,"(8, 8)","(4, 4)","(0,)","(15, 15)","(0, 1, 2)",256,True,True,True
27,58.135676860809326,45.93826222419739,8894,8894,0.971478899633,4771,False,,BGR,YCrCb,10,"(8, 8)","(4, 4)","(1,)","(15, 15)","(0, 1, 2)",32,True,True,True
28,60.256951093673706,48.98212242126465,8894,8894,0.974851960123,5059,False,,BGR,YCrCb,10,"(8, 8)","(4, 4)","(1,)","(15, 15)","(0, 1, 2)",128,True,True,True
29,67.1170802116394,57.26830220222473,8894,8894,0.97586387827,5443,False,,BGR,YCrCb,10,"(8, 8)","(4, 4)","(1,)","(15, 15)","(0, 1, 2)",256,True,True,True
30,79.91534066200256,60.66797065734863,8894,8894,0.964095645004,4771,False,,BGR,YCrCb,10,"(8, 8)","(4, 4)","(2,)","(15, 15)","(0, 1, 2)",32,True,True,True
31,80.65018105506897,63.77701926231384,8894,8894,0.969754890938,5059,False,,BGR,YCrCb,10,"(8, 8)","(4, 4)","(2,)","(15, 15)","(0, 1, 2)",128,True,True,True
32,87.07743906974792,71.97893571853638,8894,8894,0.972753166929,5443,False,,BGR,YCrCb,10,"(8, 8)","(4, 4)","(2,)","(15, 15)","(0, 1, 2)",256,True,True,True
33,123.14381432533264,114.04445385932922,8894,8894,0.988231766734,12771,False,,BGR,YCrCb,10,"(8, 8)","(4, 4)","(0, 1, 2)","(15, 15)","(0, 1, 2)",32,True,True,True
34,130.20887279510498,118.05981683731079,8894,8894,0.988981335732,13059,False,,BGR,YCrCb,10,"(8, 8)","(4, 4)","(0, 1, 2)","(15, 15)","(0, 1, 2)",128,True,True,True
35,138.6864140033722,128.59856367111206,8894,8894,0.989168727981,13443,False,,BGR,YCrCb,10,"(8, 8)","(4, 4)","(0, 1, 2)","(15, 15)","(0, 1, 2)",256,True,True,True
36,48.475006341934204,39.1047785282135,8894,8894,0.983884266547,4771,False,,BGR,YCrCb,10,"(8, 8)","(5, 5)","(0,)","(15, 15)","(0, 1, 2)",32,True,True,True
37,49.22505855560303,41.748921155929565,8894,8894,0.988381680534,5059,False,,BGR,YCrCb,10,"(8, 8)","(5, 5)","(0,)","(15, 15)","(0, 1, 2)",128,True,True,True
38,53.7322051525116,47.093963861465454,8894,8894,0.989168727981,5443,False,,BGR,YCrCb,10,"(8, 8)","(5, 5)","(0,)","(15, 15)","(0, 1, 2)",256,True,True,True
39,56.46658515930176,44.90740895271301,8894,8894,0.971254028933,4771,False,,BGR,YCrCb,10,"(8, 8)","(5, 5)","(1,)","(15, 15)","(0, 1, 2)",32,True,True,True
40,59.446017265319824,48.08937454223633,8894,8894,0.973952477326,5059,False,,BGR,YCrCb,10,"(8, 8)","(5, 5)","(1,)","(15, 15)","(0, 1, 2)",128,True,True,True
41,66.67865657806396,56.71175932884216,8894,8894,0.974926917023,5443,False,,BGR,YCrCb,10,"(8, 8)","(5, 5)","(1,)","(15, 15)","(0, 1, 2)",256,True,True,True
42,80.1966450214386,58.71988487243652,8894,8894,0.963383554456,4771,False,,BGR,YCrCb,10,"(8, 8)","(5, 5)","(2,)","(15, 15)","(0, 1, 2)",32,True,True,True
43,80.00807452201843,61.79783487319946,8894,8894,0.968218274492,5059,False,,BGR,YCrCb,10,"(8, 8)","(5, 5)","(2,)","(15, 15)","(0, 1, 2)",128,True,True,True
44,86.26273918151855,68.83848428726196,8894,8894,0.971666291882,5443,False,,BGR,YCrCb,10,"(8, 8)","(5, 5)","(2,)","(15, 15)","(0, 1, 2)",256,True,True,True
45,118.54204821586609,106.67122673988342,8894,8894,0.988156809834,12771,False,,BGR,YCrCb,10,"(8, 8)","(5, 5)","(0, 1, 2)","(15, 15)","(0, 1, 2)",32,True,True,True
46,124.23273134231567,113.61132073402405,8894,8894,0.988156809834,13059,False,,BGR,YCrCb,10,"(8, 8)","(5, 5)","(0, 1, 2)","(15, 15)","(0, 1, 2)",128,True,True,True
47,136.9124538898468,126.4547061920166,8894,8894,0.989093771082,13443,False,,BGR,YCrCb,10,"(8, 8)","(5, 5)","(0, 1, 2)","(15, 15)","(0, 1, 2)",256,True,True,True
48,14.585997581481934,9.010305404663086,8894,8894,0.976725882617,1411,False,,BGR,YCrCb,10,"(12, 12)","(2, 2)","(0,)","(15, 15)","(0, 1, 2)",32,True,True,True
49,16.245855569839478,11.11430549621582,8894,8894,0.983172175999,1699,False,,BGR,YCrCb,10,"(12, 12)","(2, 2)","(0,)","(15, 15)","(0, 1, 2)",128,True,True,True
50,21.253859758377075,15.697477579116821,8894,8894,0.984746270894,2083,False,,BGR,YCrCb,10,"(12, 12)","(2, 2)","(0,)","(15, 15)","(0, 1, 2)",256,True,True,True
51,15.426197528839111,9.80505657196045,8894,8894,0.973727606626,1411,False,,BGR,YCrCb,10,"(12, 12)","(2, 2)","(1,)","(15, 15)","(0, 1, 2)",32,True,True,True
52,18.77074122428894,12.369661331176758,8894,8894,0.974327261824,1699,False,,BGR,YCrCb,10,"(12, 12)","(2, 2)","(1,)","(15, 15)","(0, 1, 2)",128,True,True,True
53,24.149675369262695,17.882055044174194,8894,8894,0.976126227419,2083,False,,BGR,YCrCb,10,"(12, 12)","(2, 2)","(1,)","(15, 15)","(0, 1, 2)",256,True,True,True
54,19.232730627059937,11.017369508743286,8894,8894,0.964245558804,1411,False,,BGR,YCrCb,10,"(12, 12)","(2, 2)","(2,)","(15, 15)","(0, 1, 2)",32,True,True,True
55,22.263980388641357,14.297184467315674,8894,8894,0.970392024586,1699,False,,BGR,YCrCb,10,"(12, 12)","(2, 2)","(2,)","(15, 15)","(0, 1, 2)",128,True,True,True
56,27.0826256275177,19.264238595962524,8894,8894,0.972865602279,2083,False,,BGR,YCrCb,10,"(12, 12)","(2, 2)","(2,)","(15, 15)","(0, 1, 2)",256,True,True,True
57,24.019529581069946,18.191102504730225,8894,8894,0.987819503785,2691,False,,BGR,YCrCb,10,"(12, 12)","(2, 2)","(0, 1, 2)","(15, 15)","(0, 1, 2)",32,True,True,True
58,27.730584621429443,22.217421293258667,8894,8894,0.987819503785,2979,False,,BGR,YCrCb,10,"(12, 12)","(2, 2)","(0, 1, 2)","(15, 15)","(0, 1, 2)",128,True,True,True
59,32.14987540245056,27.982926845550537,8894,8894,0.989093771082,3363,False,,BGR,YCrCb,10,"(12, 12)","(2, 2)","(0, 1, 2)","(15, 15)","(0, 1, 2)",256,True,True,True
60,16.864310026168823,10.16403079032898,8894,8894,0.979012068061,1581,False,,BGR,YCrCb,10,"(12, 12)","(3, 3)","(0,)","(15, 15)","(0, 1, 2)",32,True,True,True
61,17.256961584091187,12.122859239578247,8894,8894,0.983921744997,1869,False,,BGR,YCrCb,10,"(12, 12)","(3, 3)","(0,)","(15, 15)","(0, 1, 2)",128,True,True,True
62,23.582116842269897,17.208314657211304,8894,8894,0.985233490743,2253,False,,BGR,YCrCb,10,"(12, 12)","(3, 3)","(0,)","(15, 15)","(0, 1, 2)",256,True,True,True
63,16.854840517044067,10.354036331176758,8894,8894,0.972828123829,1581,False,,BGR,YCrCb,10,"(12, 12)","(3, 3)","(1,)","(15, 15)","(0, 1, 2)",32,True,True,True
64,20.803629159927368,13.895273685455322,8894,8894,0.974777003223,1869,False,,BGR,YCrCb,10,"(12, 12)","(3, 3)","(1,)","(15, 15)","(0, 1, 2)",128,True,True,True
65,25.310406923294067,18.61483597755432,8894,8894,0.97597631362,2253,False,,BGR,YCrCb,10,"(12, 12)","(3, 3)","(1,)","(15, 15)","(0, 1, 2)",256,True,True,True
66,22.584028005599976,12.662458896636963,8894,8894,0.964545386403,1581,False,,BGR,YCrCb,10,"(12, 12)","(3, 3)","(2,)","(15, 15)","(0, 1, 2)",32,True,True,True
67,24.387178659439087,15.581727266311646,8894,8894,0.970504459936,1869,False,,BGR,YCrCb,10,"(12, 12)","(3, 3)","(2,)","(15, 15)","(0, 1, 2)",128,True,True,True
68,29.33501672744751,20.595078229904175,8894,8894,0.973277865227,2253,False,,BGR,YCrCb,10,"(12, 12)","(3, 3)","(2,)","(15, 15)","(0, 1, 2)",256,True,True,True
69,27.607773065567017,22.144927263259888,8894,8894,0.989431077131,3201,False,,BGR,YCrCb,10,"(12, 12)","(3, 3)","(0, 1, 2)","(15, 15)","(0, 1, 2)",32,True,True,True
70,31.130834102630615,25.50994873046875,8894,8894,0.98954351248,3489,False,,BGR,YCrCb,10,"(12, 12)","(3, 3)","(0, 1, 2)","(15, 15)","(0, 1, 2)",128,True,True,True
71,37.1041362285614,31.234063148498535,8894,8894,0.98954351248,3873,False,,BGR,YCrCb,10,"(12, 12)","(3, 3)","(0, 1, 2)","(15, 15)","(0, 1, 2)",256,True,True,True
72,14.586441040039062,9.200334548950195,8894,8894,0.978337455963,1411,False,,BGR,YCrCb,10,"(12, 12)","(4, 4)","(0,)","(15, 15)","(0, 1, 2)",32,True,True,True
73,16.184746503829956,10.921496629714966,8894,8894,0.983996701896,1699,False,,BGR,YCrCb,10,"(12, 12)","(4, 4)","(0,)","(15, 15)","(0, 1, 2)",128,True,True,True
74,21.828572511672974,15.63284420967102,8894,8894,0.985795667491,2083,False,,BGR,YCrCb,10,"(12, 12)","(4, 4)","(0,)","(15, 15)","(0, 1, 2)",256,True,True,True
75,14.96428894996643,8.919680118560791,8894,8894,0.972041076381,1411,False,,BGR,YCrCb,10,"(12, 12)","(4, 4)","(1,)","(15, 15)","(0, 1, 2)",32,True,True,True
76,18.872061729431152,12.194816589355469,8894,8894,0.974327261824,1699,False,,BGR,YCrCb,10,"(12, 12)","(4, 4)","(1,)","(15, 15)","(0, 1, 2)",128,True,True,True
77,23.4747416973114,17.050759315490723,8894,8894,0.975526572221,2083,False,,BGR,YCrCb,10,"(12, 12)","(4, 4)","(1,)","(15, 15)","(0, 1, 2)",256,True,True,True
78,18.91434335708618,10.589253425598145,8894,8894,0.964020688104,1411,False,,BGR,YCrCb,10,"(12, 12)","(4, 4)","(2,)","(15, 15)","(0, 1, 2)",32,True,True,True
79,20.969828844070435,13.299248933792114,8894,8894,0.969642455588,1699,False,,BGR,YCrCb,10,"(12, 12)","(4, 4)","(2,)","(15, 15)","(0, 1, 2)",128,True,True,True
80,26.36705493927002,18.66810393333435,8894,8894,0.973090472978,2083,False,,BGR,YCrCb,10,"(12, 12)","(4, 4)","(2,)","(15, 15)","(0, 1, 2)",256,True,True,True
81,22.302812814712524,16.658283233642578,8894,8894,0.98954351248,2691,False,,BGR,YCrCb,10,"(12, 12)","(4, 4)","(0, 1, 2)","(15, 15)","(0, 1, 2)",32,True,True,True
82,26.58031153678894,20.777946949005127,8894,8894,0.989993253879,2979,False,,BGR,YCrCb,10,"(12, 12)","(4, 4)","(0, 1, 2)","(15, 15)","(0, 1, 2)",128,True,True,True
83,31.528018712997437,26.99603009223938,8894,8894,0.990030732329,3363,False,,BGR,YCrCb,10,"(12, 12)","(4, 4)","(0, 1, 2)","(15, 15)","(0, 1, 2)",256,True,True,True
84,11.296877384185791,6.542162895202637,8894,8894,0.975264223072,1021,False,,BGR,YCrCb,10,"(12, 12)","(5, 5)","(0,)","(15, 15)","(0, 1, 2)",32,True,True,True
85,13.11902642250061,8.343644142150879,8894,8894,0.98268495615,1309,False,,BGR,YCrCb,10,"(12, 12)","(5, 5)","(0,)","(15, 15)","(0, 1, 2)",128,True,True,True
86,18.37255597114563,12.588272333145142,8894,8894,0.983809309647,1693,False,,BGR,YCrCb,10,"(12, 12)","(5, 5)","(0,)","(15, 15)","(0, 1, 2)",256,True,True,True
87,10.163463115692139,6.257514715194702,8894,8894,0.971553856532,1021,False,,BGR,YCrCb,10,"(12, 12)","(5, 5)","(1,)","(15, 15)","(0, 1, 2)",32,True,True,True
88,13.657417297363281,9.055572986602783,8894,8894,0.973765085076,1309,False,,BGR,YCrCb,10,"(12, 12)","(5, 5)","(1,)","(15, 15)","(0, 1, 2)",128,True,True,True
89,19.49744462966919,13.632120132446289,8894,8894,0.975564050671,1693,False,,BGR,YCrCb,10,"(12, 12)","(5, 5)","(1,)","(15, 15)","(0, 1, 2)",256,True,True,True
90,13.294350147247314,7.485206842422485,8894,8894,0.963233640657,1021,False,,BGR,YCrCb,10,"(12, 12)","(5, 5)","(2,)","(15, 15)","(0, 1, 2)",32,True,True,True
91,15.603769302368164,9.988563299179077,8894,8894,0.969904804737,1309,False,,BGR,YCrCb,10,"(12, 12)","(5, 5)","(2,)","(15, 15)","(0, 1, 2)",128,True,True,True
92,21.416282415390015,14.677582263946533,8894,8894,0.973727606626,1693,False,,BGR,YCrCb,10,"(12, 12)","(5, 5)","(2,)","(15, 15)","(0, 1, 2)",256,True,True,True
93,12.639154195785522,8.575006484985352,8894,8894,0.988381680534,1521,False,,BGR,YCrCb,10,"(12, 12)","(5, 5)","(0, 1, 2)","(15, 15)","(0, 1, 2)",32,True,True,True
94,16.084592580795288,12.062366724014282,8894,8894,0.989168727981,1809,False,,BGR,YCrCb,10,"(12, 12)","(5, 5)","(0, 1, 2)","(15, 15)","(0, 1, 2)",128,True,True,True
95,21.849881410598755,16.759721755981445,8894,8894,0.989431077131,2193,False,,BGR,YCrCb,10,"(12, 12)","(5, 5)","(0, 1, 2)","(15, 15)","(0, 1, 2)",256,True,True,True
96,12.201188325881958,7.023083209991455,8894,8894,0.974289783375,1131,False,,BGR,YCrCb,10,"(14, 14)","(2, 2)","(0,)","(15, 15)","(0, 1, 2)",32,True,True,True
97,14.226362466812134,9.121303081512451,8894,8894,0.981785473353,1419,False,,BGR,YCrCb,10,"(14, 14)","(2, 2)","(0,)","(15, 15)","(0, 1, 2)",128,True,True,True
98,19.341517686843872,13.587954759597778,8894,8894,0.983621917397,1803,False,,BGR,YCrCb,10,"(14, 14)","(2, 2)","(0,)","(15, 15)","(0, 1, 2)",256,True,True,True
99,12.573304176330566,7.4334893226623535,8894,8894,0.970279589236,1131,False,,BGR,YCrCb,10,"(14, 14)","(2, 2)","(1,)","(15, 15)","(0, 1, 2)",32,True,True,True
100,15.708567142486572,10.309393644332886,8894,8894,0.973090472978,1419,False,,BGR,YCrCb,10,"(14, 14)","(2, 2)","(1,)","(15, 15)","(0, 1, 2)",128,True,True,True
101,,,,,,,,,BGR,YCrCb,10,"(14, 14)","(2, 2)","(1,)","(15, 15)","(0, 1, 2)",256,True,True,True
102,,,,,,,,,BGR,YCrCb,10,"(14, 14)","(2, 2)","(2,)","(15, 15)","(0, 1, 2)",32,True,True,True
103,,,,,,,,,BGR,YCrCb,10,"(14, 14)","(2, 2)","(2,)","(15, 15)","(0, 1, 2)",128,True,True,True
104,,,,,,,,,BGR,YCrCb,10,"(14, 14)","(2, 2)","(2,)","(15, 15)","(0, 1, 2)",256,True,True,True
105,,,,,,,,,BGR,YCrCb,10,"(14, 14)","(2, 2)","(0, 1, 2)","(15, 15)","(0, 1, 2)",32,True,True,True
106,,,,,,,,,BGR,YCrCb,10,"(14, 14)","(2, 2)","(0, 1, 2)","(15, 15)","(0, 1, 2)",128,True,True,True
107,,,,,,,,,BGR,YCrCb,10,"(14, 14)","(2, 2)","(0, 1, 2)","(15, 15)","(0, 1, 2)",256,True,True,True
108,,,,,,,,,BGR,YCrCb,10,"(14, 14)","(3, 3)","(0,)","(15, 15)","(0, 1, 2)",32,True,True,True
109,,,,,,,,,BGR,YCrCb,10,"(14, 14)","(3, 3)","(0,)","(15, 15)","(0, 1, 2)",128,True,True,True
110,,,,,,,,,BGR,YCrCb,10,"(14, 14)","(3, 3)","(0,)","(15, 15)","(0, 1, 2)",256,True,True,True
111,,,,,,,,,BGR,YCrCb,10,"(14, 14)","(3, 3)","(1,)","(15, 15)","(0, 1, 2)",32,True,True,True
112,,,,,,,,,BGR,YCrCb,10,"(14, 14)","(3, 3)","(1,)","(15, 15)","(0, 1, 2)",128,True,True,True
113,,,,,,,,,BGR,YCrCb,10,"(14, 14)","(3, 3)","(1,)","(15, 15)","(0, 1, 2)",256,True,True,True
114,,,,,,,,,BGR,YCrCb,10,"(14, 14)","(3, 3)","(2,)","(15, 15)","(0, 1, 2)",32,True,True,True
115,,,,,,,,,BGR,YCrCb,10,"(14, 14)","(3, 3)","(2,)","(15, 15)","(0, 1, 2)",128,True,True,True
116,,,,,,,,,BGR,YCrCb,10,"(14, 14)","(3, 3)","(2,)","(15, 15)","(0, 1, 2)",256,True,True,True
117,,,,,,,,,BGR,YCrCb,10,"(14, 14)","(3, 3)","(0, 1, 2)","(15, 15)","(0, 1, 2)",32,True,True,True
118,,,,,,,,,BGR,YCrCb,10,"(14, 14)","(3, 3)","(0, 1, 2)","(15, 15)","(0, 1, 2)",128,True,True,True
119,,,,,,,,,BGR,YCrCb,10,"(14, 14)","(3, 3)","(0, 1, 2)","(15, 15)","(0, 1, 2)",256,True,True,True
120,,,,,,,,,BGR,YCrCb,10,"(14, 14)","(4, 4)","(0,)","(15, 15)","(0, 1, 2)",32,True,True,True
121,,,,,,,,,BGR,YCrCb,10,"(14, 14)","(4, 4)","(0,)","(15, 15)","(0, 1, 2)",128,True,True,True
122,,,,,,,,,BGR,YCrCb,10,"(14, 14)","(4, 4)","(0,)","(15, 15)","(0, 1, 2)",256,True,True,True
123,,,,,,,,,BGR,YCrCb,10,"(14, 14)","(4, 4)","(1,)","(15, 15)","(0, 1, 2)",32,True,True,True
124,,,,,,,,,BGR,YCrCb,10,"(14, 14)","(4, 4)","(1,)","(15, 15)","(0, 1, 2)",128,True,True,True
125,,,,,,,,,BGR,YCrCb,10,"(14, 14)","(4, 4)","(1,)","(15, 15)","(0, 1, 2)",256,True,True,True
126,,,,,,,,,BGR,YCrCb,10,"(14, 14)","(4, 4)","(2,)","(15, 15)","(0, 1, 2)",32,True,True,True
127,,,,,,,,,BGR,YCrCb,10,"(14, 14)","(4, 4)","(2,)","(15, 15)","(0, 1, 2)",128,True,True,True
128,,,,,,,,,BGR,YCrCb,10,"(14, 14)","(4, 4)","(2,)","(15, 15)","(0, 1, 2)",256,True,True,True
129,,,,,,,,,BGR,YCrCb,10,"(14, 14)","(4, 4)","(0, 1, 2)","(15, 15)","(0, 1, 2)",32,True,True,True
130,,,,,,,,,BGR,YCrCb,10,"(14, 14)","(4, 4)","(0, 1, 2)","(15, 15)","(0, 1, 2)",128,True,True,True
131,,,,,,,,,BGR,YCrCb,10,"(14, 14)","(4, 4)","(0, 1, 2)","(15, 15)","(0, 1, 2)",256,True,True,True
132,,,,,,,,,BGR,YCrCb,10,"(14, 14)","(5, 5)","(0,)","(15, 15)","(0, 1, 2)",32,True,True,True
133,,,,,,,,,BGR,YCrCb,10,"(14, 14)","(5, 5)","(0,)","(15, 15)","(0, 1, 2)",128,True,True,True
134,,,,,,,,,BGR,YCrCb,10,"(14, 14)","(5, 5)","(0,)","(15, 15)","(0, 1, 2)",256,True,True,True
135,,,,,,,,,BGR,YCrCb,10,"(14, 14)","(5, 5)","(1,)","(15, 15)","(0, 1, 2)",32,True,True,True
136,,,,,,,,,BGR,YCrCb,10,"(14, 14)","(5, 5)","(1,)","(15, 15)","(0, 1, 2)",128,True,True,True
137,,,,,,,,,BGR,YCrCb,10,"(14, 14)","(5, 5)","(1,)","(15, 15)","(0, 1, 2)",256,True,True,True
138,,,,,,,,,BGR,YCrCb,10,"(14, 14)","(5, 5)","(2,)","(15, 15)","(0, 1, 2)",32,True,True,True
139,,,,,,,,,BGR,YCrCb,10,"(14, 14)","(5, 5)","(2,)","(15, 15)","(0, 1, 2)",128,True,True,True
140,,,,,,,,,BGR,YCrCb,10,"(14, 14)","(5, 5)","(2,)","(15, 15)","(0, 1, 2)",256,True,True,True
141,,,,,,,,,BGR,YCrCb,10,"(14, 14)","(5, 5)","(0, 1, 2)","(15, 15)","(0, 1, 2)",32,True,True,True
142,,,,,,,,,BGR,YCrCb,10,"(14, 14)","(5, 5)","(0, 1, 2)","(15, 15)","(0, 1, 2)",128,True,True,True
143,,,,,,,,,BGR,YCrCb,10,"(14, 14)","(5, 5)","(0, 1, 2)","(15, 15)","(0, 1, 2)",256,True,True,True
144,,,,,,,,,BGR,YCrCb,10,"(16, 16)","(2, 2)","(0,)","(15, 15)","(0, 1, 2)",32,True,True,True
145,,,,,,,,,BGR,YCrCb,10,"(16, 16)","(2, 2)","(0,)","(15, 15)","(0, 1, 2)",128,True,True,True
146,,,,,,,,,BGR,YCrCb,10,"(16, 16)","(2, 2)","(0,)","(15, 15)","(0, 1, 2)",256,True,True,True
147,,,,,,,,,BGR,YCrCb,10,"(16, 16)","(2, 2)","(1,)","(15, 15)","(0, 1, 2)",32,True,True,True
148,,,,,,,,,BGR,YCrCb,10,"(16, 16)","(2, 2)","(1,)","(15, 15)","(0, 1, 2)",128,True,True,True
149,,,,,,,,,BGR,YCrCb,10,"(16, 16)","(2, 2)","(1,)","(15, 15)","(0, 1, 2)",256,True,True,True
150,,,,,,,,,BGR,YCrCb,10,"(16, 16)","(2, 2)","(2,)","(15, 15)","(0, 1, 2)",32,True,True,True
151,,,,,,,,,BGR,YCrCb,10,"(16, 16)","(2, 2)","(2,)","(15, 15)","(0, 1, 2)",128,True,True,True
152,,,,,,,,,BGR,YCrCb,10,"(16, 16)","(2, 2)","(2,)","(15, 15)","(0, 1, 2)",256,True,True,True
153,,,,,,,,,BGR,YCrCb,10,"(16, 16)","(2, 2)","(0, 1, 2)","(15, 15)","(0, 1, 2)",32,True,True,True
154,,,,,,,,,BGR,YCrCb,10,"(16, 16)","(2, 2)","(0, 1, 2)","(15, 15)","(0, 1, 2)",128,True,True,True
155,,,,,,,,,BGR,YCrCb,10,"(16, 16)","(2, 2)","(0, 1, 2)","(15, 15)","(0, 1, 2)",256,True,True,True
156,,,,,,,,,BGR,YCrCb,10,"(16, 16)","(3, 3)","(0,)","(15, 15)","(0, 1, 2)",32,True,True,True
157,,,,,,,,,BGR,YCrCb,10,"(16, 16)","(3, 3)","(0,)","(15, 15)","(0, 1, 2)",128,True,True,True
158,,,,,,,,,BGR,YCrCb,10,"(16, 16)","(3, 3)","(0,)","(15, 15)","(0, 1, 2)",256,True,True,True
159,,,,,,,,,BGR,YCrCb,10,"(16, 16)","(3, 3)","(1,)","(15, 15)","(0, 1, 2)",32,True,True,True
160,,,,,,,,,BGR,YCrCb,10,"(16, 16)","(3, 3)","(1,)","(15, 15)","(0, 1, 2)",128,True,True,True
161,,,,,,,,,BGR,YCrCb,10,"(16, 16)","(3, 3)","(1,)","(15, 15)","(0, 1, 2)",256,True,True,True
162,,,,,,,,,BGR,YCrCb,10,"(16, 16)","(3, 3)","(2,)","(15, 15)","(0, 1, 2)",32,True,True,True
163,,,,,,,,,BGR,YCrCb,10,"(16, 16)","(3, 3)","(2,)","(15, 15)","(0, 1, 2)",128,True,True,True
164,,,,,,,,,BGR,YCrCb,10,"(16, 16)","(3, 3)","(2,)","(15, 15)","(0, 1, 2)",256,True,True,True
165,,,,,,,,,BGR,YCrCb,10,"(16, 16)","(3, 3)","(0, 1, 2)","(15, 15)","(0, 1, 2)",32,True,True,True
166,,,,,,,,,BGR,YCrCb,10,"(16, 16)","(3, 3)","(0, 1, 2)","(15, 15)","(0, 1, 2)",128,True,True,True
167,,,,,,,,,BGR,YCrCb,10,"(16, 16)","(3, 3)","(0, 1, 2)","(15, 15)","(0, 1, 2)",256,True,True,True
168,,,,,,,,,BGR,YCrCb,10,"(16, 16)","(4, 4)","(0,)","(15, 15)","(0, 1, 2)",32,True,True,True
169,,,,,,,,,BGR,YCrCb,10,"(16, 16)","(4, 4)","(0,)","(15, 15)","(0, 1, 2)",128,True,True,True
170,,,,,,,,,BGR,YCrCb,10,"(16, 16)","(4, 4)","(0,)","(15, 15)","(0, 1, 2)",256,True,True,True
171,,,,,,,,,BGR,YCrCb,10,"(16, 16)","(4, 4)","(1,)","(15, 15)","(0, 1, 2)",32,True,True,True
172,,,,,,,,,BGR,YCrCb,10,"(16, 16)","(4, 4)","(1,)","(15, 15)","(0, 1, 2)",128,True,True,True
173,,,,,,,,,BGR,YCrCb,10,"(16, 16)","(4, 4)","(1,)","(15, 15)","(0, 1, 2)",256,True,True,True
174,,,,,,,,,BGR,YCrCb,10,"(16, 16)","(4, 4)","(2,)","(15, 15)","(0, 1, 2)",32,True,True,True
175,,,,,,,,,BGR,YCrCb,10,"(16, 16)","(4, 4)","(2,)","(15, 15)","(0, 1, 2)",128,True,True,True
176,,,,,,,,,BGR,YCrCb,10,"(16, 16)","(4, 4)","(2,)","(15, 15)","(0, 1, 2)",256,True,True,True
177,,,,,,,,,BGR,YCrCb,10,"(16, 16)","(4, 4)","(0, 1, 2)","(15, 15)","(0, 1, 2)",32,True,True,True
178,,,,,,,,,BGR,YCrCb,10,"(16, 16)","(4, 4)","(0, 1, 2)","(15, 15)","(0, 1, 2)",128,True,True,True
179,,,,,,,,,BGR,YCrCb,10,"(16, 16)","(4, 4)","(0, 1, 2)","(15, 15)","(0, 1, 2)",256,True,True,True
180,,,,,,,,,BGR,YCrCb,10,"(16, 16)","(5, 5)","(0,)","(15, 15)","(0, 1, 2)",32,True,True,True
181,,,,,,,,,BGR,YCrCb,10,"(16, 16)","(5, 5)","(0,)","(15, 15)","(0, 1, 2)",128,True,True,True
182,,,,,,,,,BGR,YCrCb,10,"(16, 16)","(5, 5)","(0,)","(15, 15)","(0, 1, 2)",256,True,True,True
183,,,,,,,,,BGR,YCrCb,10,"(16, 16)","(5, 5)","(1,)","(15, 15)","(0, 1, 2)",32,True,True,True
184,,,,,,,,,BGR,YCrCb,10,"(16, 16)","(5, 5)","(1,)","(15, 15)","(0, 1, 2)",128,True,True,True
185,,,,,,,,,BGR,YCrCb,10,"(16, 16)","(5, 5)","(1,)","(15, 15)","(0, 1, 2)",256,True,True,True
186,,,,,,,,,BGR,YCrCb,10,"(16, 16)","(5, 5)","(2,)","(15, 15)","(0, 1, 2)",32,True,True,True
187,,,,,,,,,BGR,YCrCb,10,"(16, 16)","(5, 5)","(2,)","(15, 15)","(0, 1, 2)",128,True,True,True
188,,,,,,,,,BGR,YCrCb,10,"(16, 16)","(5, 5)","(2,)","(15, 15)","(0, 1, 2)",256,True,True,True
189,,,,,,,,,BGR,YCrCb,10,"(16, 16)","(5, 5)","(0, 1, 2)","(15, 15)","(0, 1, 2)",32,True,True,True
190,,,,,,,,,BGR,YCrCb,10,"(16, 16)","(5, 5)","(0, 1, 2)","(15, 15)","(0, 1, 2)",128,True,True,True
191,,,,,,,,,BGR,YCrCb,10,"(16, 16)","(5, 5)","(0, 1, 2)","(15, 15)","(0, 1, 2)",256,True,True,True
192,,,,,,,,,BGR,YCrCb,12,"(8, 8)","(2, 2)","(0,)","(15, 15)","(0, 1, 2)",32,True,True,True
193,,,,,,,,,BGR,YCrCb,12,"(8, 8)","(2, 2)","(0,)","(15, 15)","(0, 1, 2)",128,True,True,True
194,,,,,,,,,BGR,YCrCb,12,"(8, 8)","(2, 2)","(0,)","(15, 15)","(0, 1, 2)",256,True,True,True
195,,,,,,,,,BGR,YCrCb,12,"(8, 8)","(2, 2)","(1,)","(15, 15)","(0, 1, 2)",32,True,True,True
196,,,,,,,,,BGR,YCrCb,12,"(8, 8)","(2, 2)","(1,)","(15, 15)","(0, 1, 2)",128,True,True,True
197,,,,,,,,,BGR,YCrCb,12,"(8, 8)","(2, 2)","(1,)","(15, 15)","(0, 1, 2)",256,True,True,True
198,,,,,,,,,BGR,YCrCb,12,"(8, 8)","(2, 2)","(2,)","(15, 15)","(0, 1, 2)",32,True,True,True
199,,,,,,,,,BGR,YCrCb,12,"(8, 8)","(2, 2)","(2,)","(15, 15)","(0, 1, 2)",128,True,True,True
200,,,,,,,,,BGR,YCrCb,12,"(8, 8)","(2, 2)","(2,)","(15, 15)","(0, 1, 2)",256,True,True,True
201,,,,,,,,,BGR,YCrCb,12,"(8, 8)","(2, 2)","(0, 1, 2)","(15, 15)","(0, 1, 2)",32,True,True,True
202,,,,,,,,,BGR,YCrCb,12,"(8, 8)","(2, 2)","(0, 1, 2)","(15, 15)","(0, 1, 2)",128,True,True,True
203,,,,,,,,,BGR,YCrCb,12,"(8, 8)","(2, 2)","(0, 1, 2)","(15, 15)","(0, 1, 2)",256,True,True,True
204,,,,,,,,,BGR,YCrCb,12,"(8, 8)","(3, 3)","(0,)","(15, 15)","(0, 1, 2)",32,True,True,True
205,,,,,,,,,BGR,YCrCb,12,"(8, 8)","(3, 3)","(0,)","(15, 15)","(0, 1, 2)",128,True,True,True
206,,,,,,,,,BGR,YCrCb,12,"(8, 8)","(3, 3)","(0,)","(15, 15)","(0, 1, 2)",256,True,True,True
207,,,,,,,,,BGR,YCrCb,12,"(8, 8)","(3, 3)","(1,)","(15, 15)","(0, 1, 2)",32,True,True,True
208,,,,,,,,,BGR,YCrCb,12,"(8, 8)","(3, 3)","(1,)","(15, 15)","(0, 1, 2)",128,True,True,True
209,,,,,,,,,BGR,YCrCb,12,"(8, 8)","(3, 3)","(1,)","(15, 15)","(0, 1, 2)",256,True,True,True
210,,,,,,,,,BGR,YCrCb,12,"(8, 8)","(3, 3)","(2,)","(15, 15)","(0, 1, 2)",32,True,True,True
211,,,,,,,,,BGR,YCrCb,12,"(8, 8)","(3, 3)","(2,)","(15, 15)","(0, 1, 2)",128,True,True,True
212,,,,,,,,,BGR,YCrCb,12,"(8, 8)","(3, 3)","(2,)","(15, 15)","(0, 1, 2)",256,True,True,True
213,,,,,,,,,BGR,YCrCb,12,"(8, 8)","(3, 3)","(0, 1, 2)","(15, 15)","(0, 1, 2)",32,True,True,True
214,,,,,,,,,BGR,YCrCb,12,"(8, 8)","(3, 3)","(0, 1, 2)","(15, 15)","(0, 1, 2)",128,True,True,True
215,,,,,,,,,BGR,YCrCb,12,"(8, 8)","(3, 3)","(0, 1, 2)","(15, 15)","(0, 1, 2)",256,True,True,True
216,,,,,,,,,BGR,YCrCb,12,"(8, 8)","(4, 4)","(0,)","(15, 15)","(0, 1, 2)",32,True,True,True
217,,,,,,,,,BGR,YCrCb,12,"(8, 8)","(4, 4)","(0,)","(15, 15)","(0, 1, 2)",128,True,True,True
218,,,,,,,,,BGR,YCrCb,12,"(8, 8)","(4, 4)","(0,)","(15, 15)","(0, 1, 2)",256,True,True,True
219,,,,,,,,,BGR,YCrCb,12,"(8, 8)","(4, 4)","(1,)","(15, 15)","(0, 1, 2)",32,True,True,True
220,,,,,,,,,BGR,YCrCb,12,"(8, 8)","(4, 4)","(1,)","(15, 15)","(0, 1, 2)",128,True,True,True
221,,,,,,,,,BGR,YCrCb,12,"(8, 8)","(4, 4)","(1,)","(15, 15)","(0, 1, 2)",256,True,True,True
222,,,,,,,,,BGR,YCrCb,12,"(8, 8)","(4, 4)","(2,)","(15, 15)","(0, 1, 2)",32,True,True,True
223,,,,,,,,,BGR,YCrCb,12,"(8, 8)","(4, 4)","(2,)","(15, 15)","(0, 1, 2)",128,True,True,True
224,,,,,,,,,BGR,YCrCb,12,"(8, 8)","(4, 4)","(2,)","(15, 15)","(0, 1, 2)",256,True,True,True
225,,,,,,,,,BGR,YCrCb,12,"(8, 8)","(4, 4)","(0, 1, 2)","(15, 15)","(0, 1, 2)",32,True,True,True
226,,,,,,,,,BGR,YCrCb,12,"(8, 8)","(4, 4)","(0, 1, 2)","(15, 15)","(0, 1, 2)",128,True,True,True
227,,,,,,,,,BGR,YCrCb,12,"(8, 8)","(4, 4)","(0, 1, 2)","(15, 15)","(0, 1, 2)",256,True,True,True
228,,,,,,,,,BGR,YCrCb,12,"(8, 8)","(5, 5)","(0,)","(15, 15)","(0, 1, 2)",32,True,True,True
229,,,,,,,,,BGR,YCrCb,12,"(8, 8)","(5, 5)","(0,)","(15, 15)","(0, 1, 2)",128,True,True,True
230,,,,,,,,,BGR,YCrCb,12,"(8, 8)","(5, 5)","(0,)","(15, 15)","(0, 1, 2)",256,True,True,True
231,,,,,,,,,BGR,YCrCb,12,"(8, 8)","(5, 5)","(1,)","(15, 15)","(0, 1, 2)",32,True,True,True
232,,,,,,,,,BGR,YCrCb,12,"(8, 8)","(5, 5)","(1,)","(15, 15)","(0, 1, 2)",128,True,True,True
233,,,,,,,,,BGR,YCrCb,12,"(8, 8)","(5, 5)","(1,)","(15, 15)","(0, 1, 2)",256,True,True,True
234,,,,,,,,,BGR,YCrCb,12,"(8, 8)","(5, 5)","(2,)","(15, 15)","(0, 1, 2)",32,True,True,True
235,,,,,,,,,BGR,YCrCb,12,"(8, 8)","(5, 5)","(2,)","(15, 15)","(0, 1, 2)",128,True,True,True
236,,,,,,,,,BGR,YCrCb,12,"(8, 8)","(5, 5)","(2,)","(15, 15)","(0, 1, 2)",256,True,True,True
237,,,,,,,,,BGR,YCrCb,12,"(8, 8)","(5, 5)","(0, 1, 2)","(15, 15)","(0, 1, 2)",32,True,True,True
238,,,,,,,,,BGR,YCrCb,12,"(8, 8)","(5, 5)","(0, 1, 2)","(15, 15)","(0, 1, 2)",128,True,True,True
239,,,,,,,,,BGR,YCrCb,12,"(8, 8)","(5, 5)","(0, 1, 2)","(15, 15)","(0, 1, 2)",256,True,True,True
240,,,,,,,,,BGR,YCrCb,12,"(12, 12)","(2, 2)","(0,)","(15, 15)","(0, 1, 2)",32,True,True,True
241,,,,,,,,,BGR,YCrCb,12,"(12, 12)","(2, 2)","(0,)","(15, 15)","(0, 1, 2)",128,True,True,True
242,,,,,,,,,BGR,YCrCb,12,"(12, 12)","(2, 2)","(0,)","(15, 15)","(0, 1, 2)",256,True,True,True
243,,,,,,,,,BGR,YCrCb,12,"(12, 12)","(2, 2)","(1,)","(15, 15)","(0, 1, 2)",32,True,True,True
244,,,,,,,,,BGR,YCrCb,12,"(12, 12)","(2, 2)","(1,)","(15, 15)","(0, 1, 2)",128,True,True,True
245,,,,,,,,,BGR,YCrCb,12,"(12, 12)","(2, 2)","(1,)","(15, 15)","(0, 1, 2)",256,True,True,True
246,,,,,,,,,BGR,YCrCb,12,"(12, 12)","(2, 2)","(2,)","(15, 15)","(0, 1, 2)",32,True,True,True
247,,,,,,,,,BGR,YCrCb,12,"(12, 12)","(2, 2)","(2,)","(15, 15)","(0, 1, 2)",128,True,True,True
248,,,,,,,,,BGR,YCrCb,12,"(12, 12)","(2, 2)","(2,)","(15, 15)","(0, 1, 2)",256,True,True,True
249,,,,,,,,,BGR,YCrCb,12,"(12, 12)","(2, 2)","(0, 1, 2)","(15, 15)","(0, 1, 2)",32,True,True,True
250,,,,,,,,,BGR,YCrCb,12,"(12, 12)","(2, 2)","(0, 1, 2)","(15, 15)","(0, 1, 2)",128,True,True,True
251,,,,,,,,,BGR,YCrCb,12,"(12, 12)","(2, 2)","(0, 1, 2)","(15, 15)","(0, 1, 2)",256,True,True,True
252,,,,,,,,,BGR,YCrCb,12,"(12, 12)","(3, 3)","(0,)","(15, 15)","(0, 1, 2)",32,True,True,True
253,,,,,,,,,BGR,YCrCb,12,"(12, 12)","(3, 3)","(0,)","(15, 15)","(0, 1, 2)",128,True,True,True
254,,,,,,,,,BGR,YCrCb,12,"(12, 12)","(3, 3)","(0,)","(15, 15)","(0, 1, 2)",256,True,True,True
255,,,,,,,,,BGR,YCrCb,12,"(12, 12)","(3, 3)","(1,)","(15, 15)","(0, 1, 2)",32,True,True,True
256,,,,,,,,,BGR,YCrCb,12,"(12, 12)","(3, 3)","(1,)","(15, 15)","(0, 1, 2)",128,True,True,True
257,,,,,,,,,BGR,YCrCb,12,"(12, 12)","(3, 3)","(1,)","(15, 15)","(0, 1, 2)",256,True,True,True
258,,,,,,,,,BGR,YCrCb,12,"(12, 12)","(3, 3)","(2,)","(15, 15)","(0, 1, 2)",32,True,True,True
259,,,,,,,,,BGR,YCrCb,12,"(12, 12)","(3, 3)","(2,)","(15, 15)","(0, 1, 2)",128,True,True,True
260,,,,,,,,,BGR,YCrCb,12,"(12, 12)","(3, 3)","(2,)","(15, 15)","(0, 1, 2)",256,True,True,True
261,,,,,,,,,BGR,YCrCb,12,"(12, 12)","(3, 3)","(0, 1, 2)","(15, 15)","(0, 1, 2)",32,True,True,True
262,,,,,,,,,BGR,YCrCb,12,"(12, 12)","(3, 3)","(0, 1, 2)","(15, 15)","(0, 1, 2)",128,True,True,True
263,,,,,,,,,BGR,YCrCb,12,"(12, 12)","(3, 3)","(0, 1, 2)","(15, 15)","(0, 1, 2)",256,True,True,True
264,,,,,,,,,BGR,YCrCb,12,"(12, 12)","(4, 4)","(0,)","(15, 15)","(0, 1, 2)",32,True,True,True
265,,,,,,,,,BGR,YCrCb,12,"(12, 12)","(4, 4)","(0,)","(15, 15)","(0, 1, 2)",128,True,True,True
266,,,,,,,,,BGR,YCrCb,12,"(12, 12)","(4, 4)","(0,)","(15, 15)","(0, 1, 2)",256,True,True,True
267,,,,,,,,,BGR,YCrCb,12,"(12, 12)","(4, 4)","(1,)","(15, 15)","(0, 1, 2)",32,True,True,True
268,,,,,,,,,BGR,YCrCb,12,"(12, 12)","(4, 4)","(1,)","(15, 15)","(0, 1, 2)",128,True,True,True
269,,,,,,,,,BGR,YCrCb,12,"(12, 12)","(4, 4)","(1,)","(15, 15)","(0, 1, 2)",256,True,True,True
270,,,,,,,,,BGR,YCrCb,12,"(12, 12)","(4, 4)","(2,)","(15, 15)","(0, 1, 2)",32,True,True,True
271,,,,,,,,,BGR,YCrCb,12,"(12, 12)","(4, 4)","(2,)","(15, 15)","(0, 1, 2)",128,True,True,True
272,,,,,,,,,BGR,YCrCb,12,"(12, 12)","(4, 4)","(2,)","(15, 15)","(0, 1, 2)",256,True,True,True
273,,,,,,,,,BGR,YCrCb,12,"(12, 12)","(4, 4)","(0, 1, 2)","(15, 15)","(0, 1, 2)",32,True,True,True
274,,,,,,,,,BGR,YCrCb,12,"(12, 12)","(4, 4)","(0, 1, 2)","(15, 15)","(0, 1, 2)",128,True,True,True
275,,,,,,,,,BGR,YCrCb,12,"(12, 12)","(4, 4)","(0, 1, 2)","(15, 15)","(0, 1, 2)",256,True,True,True
276,,,,,,,,,BGR,YCrCb,12,"(12, 12)","(5, 5)","(0,)","(15, 15)","(0, 1, 2)",32,True,True,True
277,,,,,,,,,BGR,YCrCb,12,"(12, 12)","(5, 5)","(0,)","(15, 15)","(0, 1, 2)",128,True,True,True
278,,,,,,,,,BGR,YCrCb,12,"(12, 12)","(5, 5)","(0,)","(15, 15)","(0, 1, 2)",256,True,True,True
279,,,,,,,,,BGR,YCrCb,12,"(12, 12)","(5, 5)","(1,)","(15, 15)","(0, 1, 2)",32,True,True,True
280,,,,,,,,,BGR,YCrCb,12,"(12, 12)","(5, 5)","(1,)","(15, 15)","(0, 1, 2)",128,True,True,True
281,,,,,,,,,BGR,YCrCb,12,"(12, 12)","(5, 5)","(1,)","(15, 15)","(0, 1, 2)",256,True,True,True
282,,,,,,,,,BGR,YCrCb,12,"(12, 12)","(5, 5)","(2,)","(15, 15)","(0, 1, 2)",32,True,True,True
283,,,,,,,,,BGR,YCrCb,12,"(12, 12)","(5, 5)","(2,)","(15, 15)","(0, 1, 2)",128,True,True,True
284,,,,,,,,,BGR,YCrCb,12,"(12, 12)","(5, 5)","(2,)","(15, 15)","(0, 1, 2)",256,True,True,True
285,,,,,,,,,BGR,YCrCb,12,"(12, 12)","(5, 5)","(0, 1, 2)","(15, 15)","(0, 1, 2)",32,True,True,True
286,,,,,,,,,BGR,YCrCb,12,"(12, 12)","(5, 5)","(0, 1, 2)","(15, 15)","(0, 1, 2)",128,True,True,True
287,,,,,,,,,BGR,YCrCb,12,"(12, 12)","(5, 5)","(0, 1, 2)","(15, 15)","(0, 1, 2)",256,True,True,True
288,,,,,,,,,BGR,YCrCb,12,"(14, 14)","(2, 2)","(0,)","(15, 15)","(0, 1, 2)",32,True,True,True
289,,,,,,,,,BGR,YCrCb,12,"(14, 14)","(2, 2)","(0,)","(15, 15)","(0, 1, 2)",128,True,True,True
290,,,,,,,,,BGR,YCrCb,12,"(14, 14)","(2, 2)","(0,)","(15, 15)","(0, 1, 2)",256,True,True,True
291,,,,,,,,,BGR,YCrCb,12,"(14, 14)","(2, 2)","(1,)","(15, 15)","(0, 1, 2)",32,True,True,True
292,,,,,,,,,BGR,YCrCb,12,"(14, 14)","(2, 2)","(1,)","(15, 15)","(0, 1, 2)",128,True,True,True
293,,,,,,,,,BGR,YCrCb,12,"(14, 14)","(2, 2)","(1,)","(15, 15)","(0, 1, 2)",256,True,True,True
294,,,,,,,,,BGR,YCrCb,12,"(14, 14)","(2, 2)","(2,)","(15, 15)","(0, 1, 2)",32,True,True,True
295,,,,,,,,,BGR,YCrCb,12,"(14, 14)","(2, 2)","(2,)","(15, 15)","(0, 1, 2)",128,True,True,True
296,,,,,,,,,BGR,YCrCb,12,"(14, 14)","(2, 2)","(2,)","(15, 15)","(0, 1, 2)",256,True,True,True
297,,,,,,,,,BGR,YCrCb,12,"(14, 14)","(2, 2)","(0, 1, 2)","(15, 15)","(0, 1, 2)",32,True,True,True
298,,,,,,,,,BGR,YCrCb,12,"(14, 14)","(2, 2)","(0, 1, 2)","(15, 15)","(0, 1, 2)",128,True,True,True
299,,,,,,,,,BGR,YCrCb,12,"(14, 14)","(2, 2)","(0, 1, 2)","(15, 15)","(0, 1, 2)",256,True,True,True
300,,,,,,,,,BGR,YCrCb,12,"(14, 14)","(3, 3)","(0,)","(15, 15)","(0, 1, 2)",32,True,True,True
301,,,,,,,,,BGR,YCrCb,12,"(14, 14)","(3, 3)","(0,)","(15, 15)","(0, 1, 2)",128,True,True,True
302,,,,,,,,,BGR,YCrCb,12,"(14, 14)","(3, 3)","(0,)","(15, 15)","(0, 1, 2)",256,True,True,True
303,,,,,,,,,BGR,YCrCb,12,"(14, 14)","(3, 3)","(1,)","(15, 15)","(0, 1, 2)",32,True,True,True
304,,,,,,,,,BGR,YCrCb,12,"(14, 14)","(3, 3)","(1,)","(15, 15)","(0, 1, 2)",128,True,True,True
305,,,,,,,,,BGR,YCrCb,12,"(14, 14)","(3, 3)","(1,)","(15, 15)","(0, 1, 2)",256,True,True,True
306,,,,,,,,,BGR,YCrCb,12,"(14, 14)","(3, 3)","(2,)","(15, 15)","(0, 1, 2)",32,True,True,True
307,,,,,,,,,BGR,YCrCb,12,"(14, 14)","(3, 3)","(2,)","(15, 15)","(0, 1, 2)",128,True,True,True
308,,,,,,,,,BGR,YCrCb,12,"(14, 14)","(3, 3)","(2,)","(15, 15)","(0, 1, 2)",256,True,True,True
309,,,,,,,,,BGR,YCrCb,12,"(14, 14)","(3, 3)","(0, 1, 2)","(15, 15)","(0, 1, 2)",32,True,True,True
310,,,,,,,,,BGR,YCrCb,12,"(14, 14)","(3, 3)","(0, 1, 2)","(15, 15)","(0, 1, 2)",128,True,True,True
311,,,,,,,,,BGR,YCrCb,12,"(14, 14)","(3, 3)","(0, 1, 2)","(15, 15)","(0, 1, 2)",256,True,True,True
312,,,,,,,,,BGR,YCrCb,12,"(14, 14)","(4, 4)","(0,)","(15, 15)","(0, 1, 2)",32,True,True,True
313,,,,,,,,,BGR,YCrCb,12,"(14, 14)","(4, 4)","(0,)","(15, 15)","(0, 1, 2)",128,True,True,True
314,,,,,,,,,BGR,YCrCb,12,"(14, 14)","(4, 4)","(0,)","(15, 15)","(0, 1, 2)",256,True,True,True
315,,,,,,,,,BGR,YCrCb,12,"(14, 14)","(4, 4)","(1,)","(15, 15)","(0, 1, 2)",32,True,True,True
316,,,,,,,,,BGR,YCrCb,12,"(14, 14)","(4, 4)","(1,)","(15, 15)","(0, 1, 2)",128,True,True,True
317,,,,,,,,,BGR,YCrCb,12,"(14, 14)","(4, 4)","(1,)","(15, 15)","(0, 1, 2)",256,True,True,True
318,,,,,,,,,BGR,YCrCb,12,"(14, 14)","(4, 4)","(2,)","(15, 15)","(0, 1, 2)",32,True,True,True
319,,,,,,,,,BGR,YCrCb,12,"(14, 14)","(4, 4)","(2,)","(15, 15)","(0, 1, 2)",128,True,True,True
320,,,,,,,,,BGR,YCrCb,12,"(14, 14)","(4, 4)","(2,)","(15, 15)","(0, 1, 2)",256,True,True,True
321,,,,,,,,,BGR,YCrCb,12,"(14, 14)","(4, 4)","(0, 1, 2)","(15, 15)","(0, 1, 2)",32,True,True,True
322,,,,,,,,,BGR,YCrCb,12,"(14, 14)","(4, 4)","(0, 1, 2)","(15, 15)","(0, 1, 2)",128,True,True,True
323,,,,,,,,,BGR,YCrCb,12,"(14, 14)","(4, 4)","(0, 1, 2)","(15, 15)","(0, 1, 2)",256,True,True,True
324,,,,,,,,,BGR,YCrCb,12,"(14, 14)","(5, 5)","(0,)","(15, 15)","(0, 1, 2)",32,True,True,True
325,,,,,,,,,BGR,YCrCb,12,"(14, 14)","(5, 5)","(0,)","(15, 15)","(0, 1, 2)",128,True,True,True
326,,,,,,,,,BGR,YCrCb,12,"(14, 14)","(5, 5)","(0,)","(15, 15)","(0, 1, 2)",256,True,True,True
327,,,,,,,,,BGR,YCrCb,12,"(14, 14)","(5, 5)","(1,)","(15, 15)","(0, 1, 2)",32,True,True,True
328,,,,,,,,,BGR,YCrCb,12,"(14, 14)","(5, 5)","(1,)","(15, 15)","(0, 1, 2)",128,True,True,True
329,,,,,,,,,BGR,YCrCb,12,"(14, 14)","(5, 5)","(1,)","(15, 15)","(0, 1, 2)",256,True,True,True
330,,,,,,,,,BGR,YCrCb,12,"(14, 14)","(5, 5)","(2,)","(15, 15)","(0, 1, 2)",32,True,True,True
331,,,,,,,,,BGR,YCrCb,12,"(14, 14)","(5, 5)","(2,)","(15, 15)","(0, 1, 2)",128,True,True,True
332,,,,,,,,,BGR,YCrCb,12,"(14, 14)","(5, 5)","(2,)","(15, 15)","(0, 1, 2)",256,True,True,True
333,,,,,,,,,BGR,YCrCb,12,"(14, 14)","(5, 5)","(0, 1, 2)","(15, 15)","(0, 1, 2)",32,True,True,True
334,,,,,,,,,BGR,YCrCb,12,"(14, 14)","(5, 5)","(0, 1, 2)","(15, 15)","(0, 1, 2)",128,True,True,True
335,,,,,,,,,BGR,YCrCb,12,"(14, 14)","(5, 5)","(0, 1, 2)","(15, 15)","(0, 1, 2)",256,True,True,True
336,,,,,,,,,BGR,YCrCb,12,"(16, 16)","(2, 2)","(0,)","(15, 15)","(0, 1, 2)",32,True,True,True
337,,,,,,,,,BGR,YCrCb,12,"(16, 16)","(2, 2)","(0,)","(15, 15)","(0, 1, 2)",128,True,True,True
338,,,,,,,,,BGR,YCrCb,12,"(16, 16)","(2, 2)","(0,)","(15, 15)","(0, 1, 2)",256,True,True,True
339,,,,,,,,,BGR,YCrCb,12,"(16, 16)","(2, 2)","(1,)","(15, 15)","(0, 1, 2)",32,True,True,True
340,,,,,,,,,BGR,YCrCb,12,"(16, 16)","(2, 2)","(1,)","(15, 15)","(0, 1, 2)",128,True,True,True
341,,,,,,,,,BGR,YCrCb,12,"(16, 16)","(2, 2)","(1,)","(15, 15)","(0, 1, 2)",256,True,True,True
342,,,,,,,,,BGR,YCrCb,12,"(16, 16)","(2, 2)","(2,)","(15, 15)","(0, 1, 2)",32,True,True,True
343,,,,,,,,,BGR,YCrCb,12,"(16, 16)","(2, 2)","(2,)","(15, 15)","(0, 1, 2)",128,True,True,True
344,,,,,,,,,BGR,YCrCb,12,"(16, 16)","(2, 2)","(2,)","(15, 15)","(0, 1, 2)",256,True,True,True
345,,,,,,,,,BGR,YCrCb,12,"(16, 16)","(2, 2)","(0, 1, 2)","(15, 15)","(0, 1, 2)",32,True,True,True
346,,,,,,,,,BGR,YCrCb,12,"(16, 16)","(2, 2)","(0, 1, 2)","(15, 15)","(0, 1, 2)",128,True,True,True
347,,,,,,,,,BGR,YCrCb,12,"(16, 16)","(2, 2)","(0, 1, 2)","(15, 15)","(0, 1, 2)",256,True,True,True
348,,,,,,,,,BGR,YCrCb,12,"(16, 16)","(3, 3)","(0,)","(15, 15)","(0, 1, 2)",32,True,True,True
349,,,,,,,,,BGR,YCrCb,12,"(16, 16)","(3, 3)","(0,)","(15, 15)","(0, 1, 2)",128,True,True,True
350,,,,,,,,,BGR,YCrCb,12,"(16, 16)","(3, 3)","(0,)","(15, 15)","(0, 1, 2)",256,True,True,True
351,,,,,,,,,BGR,YCrCb,12,"(16, 16)","(3, 3)","(1,)","(15, 15)","(0, 1, 2)",32,True,True,True
352,,,,,,,,,BGR,YCrCb,12,"(16, 16)","(3, 3)","(1,)","(15, 15)","(0, 1, 2)",128,True,True,True
353,,,,,,,,,BGR,YCrCb,12,"(16, 16)","(3, 3)","(1,)","(15, 15)","(0, 1, 2)",256,True,True,True
354,,,,,,,,,BGR,YCrCb,12,"(16, 16)","(3, 3)","(2,)","(15, 15)","(0, 1, 2)",32,True,True,True
355,,,,,,,,,BGR,YCrCb,12,"(16, 16)","(3, 3)","(2,)","(15, 15)","(0, 1, 2)",128,True,True,True
356,,,,,,,,,BGR,YCrCb,12,"(16, 16)","(3, 3)","(2,)","(15, 15)","(0, 1, 2)",256,True,True,True
357,,,,,,,,,BGR,YCrCb,12,"(16, 16)","(3, 3)","(0, 1, 2)","(15, 15)","(0, 1, 2)",32,True,True,True
358,,,,,,,,,BGR,YCrCb,12,"(16, 16)","(3, 3)","(0, 1, 2)","(15, 15)","(0, 1, 2)",128,True,True,True
359,,,,,,,,,BGR,YCrCb,12,"(16, 16)","(3, 3)","(0, 1, 2)","(15, 15)","(0, 1, 2)",256,True,True,True
360,,,,,,,,,BGR,YCrCb,12,"(16, 16)","(4, 4)","(0,)","(15, 15)","(0, 1, 2)",32,True,True,True
361,,,,,,,,,BGR,YCrCb,12,"(16, 16)","(4, 4)","(0,)","(15, 15)","(0, 1, 2)",128,True,True,True
362,,,,,,,,,BGR,YCrCb,12,"(16, 16)","(4, 4)","(0,)","(15, 15)","(0, 1, 2)",256,True,True,True
363,,,,,,,,,BGR,YCrCb,12,"(16, 16)","(4, 4)","(1,)","(15, 15)","(0, 1, 2)",32,True,True,True
364,,,,,,,,,BGR,YCrCb,12,"(16, 16)","(4, 4)","(1,)","(15, 15)","(0, 1, 2)",128,True,True,True
365,,,,,,,,,BGR,YCrCb,12,"(16, 16)","(4, 4)","(1,)","(15, 15)","(0, 1, 2)",256,True,True,True
366,,,,,,,,,BGR,YCrCb,12,"(16, 16)","(4, 4)","(2,)","(15, 15)","(0, 1, 2)",32,True,True,True
367,,,,,,,,,BGR,YCrCb,12,"(16, 16)","(4, 4)","(2,)","(15, 15)","(0, 1, 2)",128,True,True,True
368,,,,,,,,,BGR,YCrCb,12,"(16, 16)","(4, 4)","(2,)","(15, 15)","(0, 1, 2)",256,True,True,True
369,,,,,,,,,BGR,YCrCb,12,"(16, 16)","(4, 4)","(0, 1, 2)","(15, 15)","(0, 1, 2)",32,True,True,True
370,,,,,,,,,BGR,YCrCb,12,"(16, 16)","(4, 4)","(0, 1, 2)","(15, 15)","(0, 1, 2)",128,True,True,True
371,,,,,,,,,BGR,YCrCb,12,"(16, 16)","(4, 4)","(0, 1, 2)","(15, 15)","(0, 1, 2)",256,True,True,True
372,,,,,,,,,BGR,YCrCb,12,"(16, 16)","(5, 5)","(0,)","(15, 15)","(0, 1, 2)",32,True,True,True
373,,,,,,,,,BGR,YCrCb,12,"(16, 16)","(5, 5)","(0,)","(15, 15)","(0, 1, 2)",128,True,True,True
374,,,,,,,,,BGR,YCrCb,12,"(16, 16)","(5, 5)","(0,)","(15, 15)","(0, 1, 2)",256,True,True,True
375,,,,,,,,,BGR,YCrCb,12,"(16, 16)","(5, 5)","(1,)","(15, 15)","(0, 1, 2)",32,True,True,True
376,,,,,,,,,BGR,YCrCb,12,"(16, 16)","(5, 5)","(1,)","(15, 15)","(0, 1, 2)",128,True,True,True
377,,,,,,,,,BGR,YCrCb,12,"(16, 16)","(5, 5)","(1,)","(15, 15)","(0, 1, 2)",256,True,True,True
378,,,,,,,,,BGR,YCrCb,12,"(16, 16)","(5, 5)","(2,)","(15, 15)","(0, 1, 2)",32,True,True,True
379,,,,,,,,,BGR,YCrCb,12,"(16, 16)","(5, 5)","(2,)","(15, 15)","(0, 1, 2)",128,True,True,True
380,,,,,,,,,BGR,YCrCb,12,"(16, 16)","(5, 5)","(2,)","(15, 15)","(0, 1, 2)",256,True,True,True
381,,,,,,,,,BGR,YCrCb,12,"(16, 16)","(5, 5)","(0, 1, 2)","(15, 15)","(0, 1, 2)",32,True,True,True
382,,,,,,,,,BGR,YCrCb,12,"(16, 16)","(5, 5)","(0, 1, 2)","(15, 15)","(0, 1, 2)",128,True,True,True
383,,,,,,,,,BGR,YCrCb,12,"(16, 16)","(5, 5)","(0, 1, 2)","(15, 15)","(0, 1, 2)",256,True,True,True
384,,,,,,,,,BGR,YCrCb,14,"(8, 8)","(2, 2)","(0,)","(15, 15)","(0, 1, 2)",32,True,True,True
385,,,,,,,,,BGR,YCrCb,14,"(8, 8)","(2, 2)","(0,)","(15, 15)","(0, 1, 2)",128,True,True,True
386,,,,,,,,,BGR,YCrCb,14,"(8, 8)","(2, 2)","(0,)","(15, 15)","(0, 1, 2)",256,True,True,True
387,,,,,,,,,BGR,YCrCb,14,"(8, 8)","(2, 2)","(1,)","(15, 15)","(0, 1, 2)",32,True,True,True
388,,,,,,,,,BGR,YCrCb,14,"(8, 8)","(2, 2)","(1,)","(15, 15)","(0, 1, 2)",128,True,True,True
389,,,,,,,,,BGR,YCrCb,14,"(8, 8)","(2, 2)","(1,)","(15, 15)","(0, 1, 2)",256,True,True,True
390,,,,,,,,,BGR,YCrCb,14,"(8, 8)","(2, 2)","(2,)","(15, 15)","(0, 1, 2)",32,True,True,True
391,,,,,,,,,BGR,YCrCb,14,"(8, 8)","(2, 2)","(2,)","(15, 15)","(0, 1, 2)",128,True,True,True
392,,,,,,,,,BGR,YCrCb,14,"(8, 8)","(2, 2)","(2,)","(15, 15)","(0, 1, 2)",256,True,True,True
393,,,,,,,,,BGR,YCrCb,14,"(8, 8)","(2, 2)","(0, 1, 2)","(15, 15)","(0, 1, 2)",32,True,True,True
394,,,,,,,,,BGR,YCrCb,14,"(8, 8)","(2, 2)","(0, 1, 2)","(15, 15)","(0, 1, 2)",128,True,True,True
395,,,,,,,,,BGR,YCrCb,14,"(8, 8)","(2, 2)","(0, 1, 2)","(15, 15)","(0, 1, 2)",256,True,True,True
396,,,,,,,,,BGR,YCrCb,14,"(8, 8)","(3, 3)","(0,)","(15, 15)","(0, 1, 2)",32,True,True,True
397,,,,,,,,,BGR,YCrCb,14,"(8, 8)","(3, 3)","(0,)","(15, 15)","(0, 1, 2)",128,True,True,True
398,,,,,,,,,BGR,YCrCb,14,"(8, 8)","(3, 3)","(0,)","(15, 15)","(0, 1, 2)",256,True,True,True
399,,,,,,,,,BGR,YCrCb,14,"(8, 8)","(3, 3)","(1,)","(15, 15)","(0, 1, 2)",32,True,True,True
400,,,,,,,,,BGR,YCrCb,14,"(8, 8)","(3, 3)","(1,)","(15, 15)","(0, 1, 2)",128,True,True,True
401,,,,,,,,,BGR,YCrCb,14,"(8, 8)","(3, 3)","(1,)","(15, 15)","(0, 1, 2)",256,True,True,True
402,,,,,,,,,BGR,YCrCb,14,"(8, 8)","(3, 3)","(2,)","(15, 15)","(0, 1, 2)",32,True,True,True
403,,,,,,,,,BGR,YCrCb,14,"(8, 8)","(3, 3)","(2,)","(15, 15)","(0, 1, 2)",128,True,True,True
404,,,,,,,,,BGR,YCrCb,14,"(8, 8)","(3, 3)","(2,)","(15, 15)","(0, 1, 2)",256,True,True,True
405,,,,,,,,,BGR,YCrCb,14,"(8, 8)","(3, 3)","(0, 1, 2)","(15, 15)","(0, 1, 2)",32,True,True,True
406,,,,,,,,,BGR,YCrCb,14,"(8, 8)","(3, 3)","(0, 1, 2)","(15, 15)","(0, 1, 2)",128,True,True,True
407,,,,,,,,,BGR,YCrCb,14,"(8, 8)","(3, 3)","(0, 1, 2)","(15, 15)","(0, 1, 2)",256,True,True,True
408,,,,,,,,,BGR,YCrCb,14,"(8, 8)","(4, 4)","(0,)","(15, 15)","(0, 1, 2)",32,True,True,True
409,,,,,,,,,BGR,YCrCb,14,"(8, 8)","(4, 4)","(0,)","(15, 15)","(0, 1, 2)",128,True,True,True
410,,,,,,,,,BGR,YCrCb,14,"(8, 8)","(4, 4)","(0,)","(15, 15)","(0, 1, 2)",256,True,True,True
411,,,,,,,,,BGR,YCrCb,14,"(8, 8)","(4, 4)","(1,)","(15, 15)","(0, 1, 2)",32,True,True,True
412,,,,,,,,,BGR,YCrCb,14,"(8, 8)","(4, 4)","(1,)","(15, 15)","(0, 1, 2)",128,True,True,True
413,,,,,,,,,BGR,YCrCb,14,"(8, 8)","(4, 4)","(1,)","(15, 15)","(0, 1, 2)",256,True,True,True
414,,,,,,,,,BGR,YCrCb,14,"(8, 8)","(4, 4)","(2,)","(15, 15)","(0, 1, 2)",32,True,True,True
415,,,,,,,,,BGR,YCrCb,14,"(8, 8)","(4, 4)","(2,)","(15, 15)","(0, 1, 2)",128,True,True,True
416,,,,,,,,,BGR,YCrCb,14,"(8, 8)","(4, 4)","(2,)","(15, 15)","(0, 1, 2)",256,True,True,True
417,,,,,,,,,BGR,YCrCb,14,"(8, 8)","(4, 4)","(0, 1, 2)","(15, 15)","(0, 1, 2)",32,True,True,True
418,,,,,,,,,BGR,YCrCb,14,"(8, 8)","(4, 4)","(0, 1, 2)","(15, 15)","(0, 1, 2)",128,True,True,True
419,,,,,,,,,BGR,YCrCb,14,"(8, 8)","(4, 4)","(0, 1, 2)","(15, 15)","(0, 1, 2)",256,True,True,True
420,,,,,,,,,BGR,YCrCb,14,"(8, 8)","(5, 5)","(0,)","(15, 15)","(0, 1, 2)",32,True,True,True
421,,,,,,,,,BGR,YCrCb,14,"(8, 8)","(5, 5)","(0,)","(15, 15)","(0, 1, 2)",128,True,True,True
422,,,,,,,,,BGR,YCrCb,14,"(8, 8)","(5, 5)","(0,)","(15, 15)","(0, 1, 2)",256,True,True,True
423,,,,,,,,,BGR,YCrCb,14,"(8, 8)","(5, 5)","(1,)","(15, 15)","(0, 1, 2)",32,True,True,True
424,,,,,,,,,BGR,YCrCb,14,"(8, 8)","(5, 5)","(1,)","(15, 15)","(0, 1, 2)",128,True,True,True
425,,,,,,,,,BGR,YCrCb,14,"(8, 8)","(5, 5)","(1,)","(15, 15)","(0, 1, 2)",256,True,True,True
426,,,,,,,,,BGR,YCrCb,14,"(8, 8)","(5, 5)","(2,)","(15, 15)","(0, 1, 2)",32,True,True,True
427,,,,,,,,,BGR,YCrCb,14,"(8, 8)","(5, 5)","(2,)","(15, 15)","(0, 1, 2)",128,True,True,True
428,,,,,,,,,BGR,YCrCb,14,"(8, 8)","(5, 5)","(2,)","(15, 15)","(0, 1, 2)",256,True,True,True
429,,,,,,,,,BGR,YCrCb,14,"(8, 8)","(5, 5)","(0, 1, 2)","(15, 15)","(0, 1, 2)",32,True,True,True
430,,,,,,,,,BGR,YCrCb,14,"(8, 8)","(5, 5)","(0, 1, 2)","(15, 15)","(0, 1, 2)",128,True,True,True
431,,,,,,,,,BGR,YCrCb,14,"(8, 8)","(5, 5)","(0, 1, 2)","(15, 15)","(0, 1, 2)",256,True,True,True
432,,,,,,,,,BGR,YCrCb,14,"(12, 12)","(2, 2)","(0,)","(15, 15)","(0, 1, 2)",32,True,True,True
433,,,,,,,,,BGR,YCrCb,14,"(12, 12)","(2, 2)","(0,)","(15, 15)","(0, 1, 2)",128,True,True,True
434,,,,,,,,,BGR,YCrCb,14,"(12, 12)","(2, 2)","(0,)","(15, 15)","(0, 1, 2)",256,True,True,True
435,,,,,,,,,BGR,YCrCb,14,"(12, 12)","(2, 2)","(1,)","(15, 15)","(0, 1, 2)",32,True,True,True
436,,,,,,,,,BGR,YCrCb,14,"(12, 12)","(2, 2)","(1,)","(15, 15)","(0, 1, 2)",128,True,True,True
437,,,,,,,,,BGR,YCrCb,14,"(12, 12)","(2, 2)","(1,)","(15, 15)","(0, 1, 2)",256,True,True,True
438,,,,,,,,,BGR,YCrCb,14,"(12, 12)","(2, 2)","(2,)","(15, 15)","(0, 1, 2)",32,True,True,True
439,,,,,,,,,BGR,YCrCb,14,"(12, 12)","(2, 2)","(2,)","(15, 15)","(0, 1, 2)",128,True,True,True
440,,,,,,,,,BGR,YCrCb,14,"(12, 12)","(2, 2)","(2,)","(15, 15)","(0, 1, 2)",256,True,True,True
441,,,,,,,,,BGR,YCrCb,14,"(12, 12)","(2, 2)","(0, 1, 2)","(15, 15)","(0, 1, 2)",32,True,True,True
442,,,,,,,,,BGR,YCrCb,14,"(12, 12)","(2, 2)","(0, 1, 2)","(15, 15)","(0, 1, 2)",128,True,True,True
443,,,,,,,,,BGR,YCrCb,14,"(12, 12)","(2, 2)","(0, 1, 2)","(15, 15)","(0, 1, 2)",256,True,True,True
444,,,,,,,,,BGR,YCrCb,14,"(12, 12)","(3, 3)","(0,)","(15, 15)","(0, 1, 2)",32,True,True,True
445,,,,,,,,,BGR,YCrCb,14,"(12, 12)","(3, 3)","(0,)","(15, 15)","(0, 1, 2)",128,True,True,True
446,,,,,,,,,BGR,YCrCb,14,"(12, 12)","(3, 3)","(0,)","(15, 15)","(0, 1, 2)",256,True,True,True
447,,,,,,,,,BGR,YCrCb,14,"(12, 12)","(3, 3)","(1,)","(15, 15)","(0, 1, 2)",32,True,True,True
448,,,,,,,,,BGR,YCrCb,14,"(12, 12)","(3, 3)","(1,)","(15, 15)","(0, 1, 2)",128,True,True,True
449,,,,,,,,,BGR,YCrCb,14,"(12, 12)","(3, 3)","(1,)","(15, 15)","(0, 1, 2)",256,True,True,True
450,,,,,,,,,BGR,YCrCb,14,"(12, 12)","(3, 3)","(2,)","(15, 15)","(0, 1, 2)",32,True,True,True
451,,,,,,,,,BGR,YCrCb,14,"(12, 12)","(3, 3)","(2,)","(15, 15)","(0, 1, 2)",128,True,True,True
452,,,,,,,,,BGR,YCrCb,14,"(12, 12)","(3, 3)","(2,)","(15, 15)","(0, 1, 2)",256,True,True,True
453,,,,,,,,,BGR,YCrCb,14,"(12, 12)","(3, 3)","(0, 1, 2)","(15, 15)","(0, 1, 2)",32,True,True,True
454,,,,,,,,,BGR,YCrCb,14,"(12, 12)","(3, 3)","(0, 1, 2)","(15, 15)","(0, 1, 2)",128,True,True,True
455,,,,,,,,,BGR,YCrCb,14,"(12, 12)","(3, 3)","(0, 1, 2)","(15, 15)","(0, 1, 2)",256,True,True,True
456,,,,,,,,,BGR,YCrCb,14,"(12, 12)","(4, 4)","(0,)","(15, 15)","(0, 1, 2)",32,True,True,True
457,,,,,,,,,BGR,YCrCb,14,"(12, 12)","(4, 4)","(0,)","(15, 15)","(0, 1, 2)",128,True,True,True
458,,,,,,,,,BGR,YCrCb,14,"(12, 12)","(4, 4)","(0,)","(15, 15)","(0, 1, 2)",256,True,True,True
459,,,,,,,,,BGR,YCrCb,14,"(12, 12)","(4, 4)","(1,)","(15, 15)","(0, 1, 2)",32,True,True,True
460,,,,,,,,,BGR,YCrCb,14,"(12, 12)","(4, 4)","(1,)","(15, 15)","(0, 1, 2)",128,True,True,True
461,,,,,,,,,BGR,YCrCb,14,"(12, 12)","(4, 4)","(1,)","(15, 15)","(0, 1, 2)",256,True,True,True
462,,,,,,,,,BGR,YCrCb,14,"(12, 12)","(4, 4)","(2,)","(15, 15)","(0, 1, 2)",32,True,True,True
463,,,,,,,,,BGR,YCrCb,14,"(12, 12)","(4, 4)","(2,)","(15, 15)","(0, 1, 2)",128,True,True,True
464,,,,,,,,,BGR,YCrCb,14,"(12, 12)","(4, 4)","(2,)","(15, 15)","(0, 1, 2)",256,True,True,True
465,,,,,,,,,BGR,YCrCb,14,"(12, 12)","(4, 4)","(0, 1, 2)","(15, 15)","(0, 1, 2)",32,True,True,True
466,,,,,,,,,BGR,YCrCb,14,"(12, 12)","(4, 4)","(0, 1, 2)","(15, 15)","(0, 1, 2)",128,True,True,True
467,,,,,,,,,BGR,YCrCb,14,"(12, 12)","(4, 4)","(0, 1, 2)","(15, 15)","(0, 1, 2)",256,True,True,True
468,,,,,,,,,BGR,YCrCb,14,"(12, 12)","(5, 5)","(0,)","(15, 15)","(0, 1, 2)",32,True,True,True
469,,,,,,,,,BGR,YCrCb,14,"(12, 12)","(5, 5)","(0,)","(15, 15)","(0, 1, 2)",128,True,True,True
470,,,,,,,,,BGR,YCrCb,14,"(12, 12)","(5, 5)","(0,)","(15, 15)","(0, 1, 2)",256,True,True,True
471,,,,,,,,,BGR,YCrCb,14,"(12, 12)","(5, 5)","(1,)","(15, 15)","(0, 1, 2)",32,True,True,True
472,,,,,,,,,BGR,YCrCb,14,"(12, 12)","(5, 5)","(1,)","(15, 15)","(0, 1, 2)",128,True,True,True
473,,,,,,,,,BGR,YCrCb,14,"(12, 12)","(5, 5)","(1,)","(15, 15)","(0, 1, 2)",256,True,True,True
474,,,,,,,,,BGR,YCrCb,14,"(12, 12)","(5, 5)","(2,)","(15, 15)","(0, 1, 2)",32,True,True,True
475,,,,,,,,,BGR,YCrCb,14,"(12, 12)","(5, 5)","(2,)","(15, 15)","(0, 1, 2)",128,True,True,True
476,,,,,,,,,BGR,YCrCb,14,"(12, 12)","(5, 5)","(2,)","(15, 15)","(0, 1, 2)",256,True,True,True
477,,,,,,,,,BGR,YCrCb,14,"(12, 12)","(5, 5)","(0, 1, 2)","(15, 15)","(0, 1, 2)",32,True,True,True
478,,,,,,,,,BGR,YCrCb,14,"(12, 12)","(5, 5)","(0, 1, 2)","(15, 15)","(0, 1, 2)",128,True,True,True
479,,,,,,,,,BGR,YCrCb,14,"(12, 12)","(5, 5)","(0, 1, 2)","(15, 15)","(0, 1, 2)",256,True,True,True
480,,,,,,,,,BGR,YCrCb,14,"(14, 14)","(2, 2)","(0,)","(15, 15)","(0, 1, 2)",32,True,True,True
481,,,,,,,,,BGR,YCrCb,14,"(14, 14)","(2, 2)","(0,)","(15, 15)","(0, 1, 2)",128,True,True,True
482,,,,,,,,,BGR,YCrCb,14,"(14, 14)","(2, 2)","(0,)","(15, 15)","(0, 1, 2)",256,True,True,True
483,,,,,,,,,BGR,YCrCb,14,"(14, 14)","(2, 2)","(1,)","(15, 15)","(0, 1, 2)",32,True,True,True
484,,,,,,,,,BGR,YCrCb,14,"(14, 14)","(2, 2)","(1,)","(15, 15)","(0, 1, 2)",128,True,True,True
485,,,,,,,,,BGR,YCrCb,14,"(14, 14)","(2, 2)","(1,)","(15, 15)","(0, 1, 2)",256,True,True,True
486,,,,,,,,,BGR,YCrCb,14,"(14, 14)","(2, 2)","(2,)","(15, 15)","(0, 1, 2)",32,True,True,True
487,,,,,,,,,BGR,YCrCb,14,"(14, 14)","(2, 2)","(2,)","(15, 15)","(0, 1, 2)",128,True,True,True
488,,,,,,,,,BGR,YCrCb,14,"(14, 14)","(2, 2)","(2,)","(15, 15)","(0, 1, 2)",256,True,True,True
489,,,,,,,,,BGR,YCrCb,14,"(14, 14)","(2, 2)","(0, 1, 2)","(15, 15)","(0, 1, 2)",32,True,True,True
490,,,,,,,,,BGR,YCrCb,14,"(14, 14)","(2, 2)","(0, 1, 2)","(15, 15)","(0, 1, 2)",128,True,True,True
491,,,,,,,,,BGR,YCrCb,14,"(14, 14)","(2, 2)","(0, 1, 2)","(15, 15)","(0, 1, 2)",256,True,True,True
492,,,,,,,,,BGR,YCrCb,14,"(14, 14)","(3, 3)","(0,)","(15, 15)","(0, 1, 2)",32,True,True,True
493,,,,,,,,,BGR,YCrCb,14,"(14, 14)","(3, 3)","(0,)","(15, 15)","(0, 1, 2)",128,True,True,True
494,,,,,,,,,BGR,YCrCb,14,"(14, 14)","(3, 3)","(0,)","(15, 15)","(0, 1, 2)",256,True,True,True
495,,,,,,,,,BGR,YCrCb,14,"(14, 14)","(3, 3)","(1,)","(15, 15)","(0, 1, 2)",32,True,True,True
496,,,,,,,,,BGR,YCrCb,14,"(14, 14)","(3, 3)","(1,)","(15, 15)","(0, 1, 2)",128,True,True,True
497,,,,,,,,,BGR,YCrCb,14,"(14, 14)","(3, 3)","(1,)","(15, 15)","(0, 1, 2)",256,True,True,True
498,,,,,,,,,BGR,YCrCb,14,"(14, 14)","(3, 3)","(2,)","(15, 15)","(0, 1, 2)",32,True,True,True
499,,,,,,,,,BGR,YCrCb,14,"(14, 14)","(3, 3)","(2,)","(15, 15)","(0, 1, 2)",128,True,True,True
500,,,,,,,,,BGR,YCrCb,14,"(14, 14)","(3, 3)","(2,)","(15, 15)","(0, 1, 2)",256,True,True,True
501,,,,,,,,,BGR,YCrCb,14,"(14, 14)","(3, 3)","(0, 1, 2)","(15, 15)","(0, 1, 2)",32,True,True,True
502,,,,,,,,,BGR,YCrCb,14,"(14, 14)","(3, 3)","(0, 1, 2)","(15, 15)","(0, 1, 2)",128,True,True,True
503,,,,,,,,,BGR,YCrCb,14,"(14, 14)","(3, 3)","(0, 1, 2)","(15, 15)","(0, 1, 2)",256,True,True,True
504,,,,,,,,,BGR,YCrCb,14,"(14, 14)","(4, 4)","(0,)","(15, 15)","(0, 1, 2)",32,True,True,True
505,,,,,,,,,BGR,YCrCb,14,"(14, 14)","(4, 4)","(0,)","(15, 15)","(0, 1, 2)",128,True,True,True
506,,,,,,,,,BGR,YCrCb,14,"(14, 14)","(4, 4)","(0,)","(15, 15)","(0, 1, 2)",256,True,True,True
507,,,,,,,,,BGR,YCrCb,14,"(14, 14)","(4, 4)","(1,)","(15, 15)","(0, 1, 2)",32,True,True,True
508,,,,,,,,,BGR,YCrCb,14,"(14, 14)","(4, 4)","(1,)","(15, 15)","(0, 1, 2)",128,True,True,True
509,,,,,,,,,BGR,YCrCb,14,"(14, 14)","(4, 4)","(1,)","(15, 15)","(0, 1, 2)",256,True,True,True
510,,,,,,,,,BGR,YCrCb,14,"(14, 14)","(4, 4)","(2,)","(15, 15)","(0, 1, 2)",32,True,True,True
511,,,,,,,,,BGR,YCrCb,14,"(14, 14)","(4, 4)","(2,)","(15, 15)","(0, 1, 2)",128,True,True,True
512,,,,,,,,,BGR,YCrCb,14,"(14, 14)","(4, 4)","(2,)","(15, 15)","(0, 1, 2)",256,True,True,True
513,,,,,,,,,BGR,YCrCb,14,"(14, 14)","(4, 4)","(0, 1, 2)","(15, 15)","(0, 1, 2)",32,True,True,True
514,,,,,,,,,BGR,YCrCb,14,"(14, 14)","(4, 4)","(0, 1, 2)","(15, 15)","(0, 1, 2)",128,True,True,True
515,,,,,,,,,BGR,YCrCb,14,"(14, 14)","(4, 4)","(0, 1, 2)","(15, 15)","(0, 1, 2)",256,True,True,True
516,,,,,,,,,BGR,YCrCb,14,"(14, 14)","(5, 5)","(0,)","(15, 15)","(0, 1, 2)",32,True,True,True
517,,,,,,,,,BGR,YCrCb,14,"(14, 14)","(5, 5)","(0,)","(15, 15)","(0, 1, 2)",128,True,True,True
518,,,,,,,,,BGR,YCrCb,14,"(14, 14)","(5, 5)","(0,)","(15, 15)","(0, 1, 2)",256,True,True,True
519,,,,,,,,,BGR,YCrCb,14,"(14, 14)","(5, 5)","(1,)","(15, 15)","(0, 1, 2)",32,True,True,True
520,,,,,,,,,BGR,YCrCb,14,"(14, 14)","(5, 5)","(1,)","(15, 15)","(0, 1, 2)",128,True,True,True
521,,,,,,,,,BGR,YCrCb,14,"(14, 14)","(5, 5)","(1,)","(15, 15)","(0, 1, 2)",256,True,True,True
522,,,,,,,,,BGR,YCrCb,14,"(14, 14)","(5, 5)","(2,)","(15, 15)","(0, 1, 2)",32,True,True,True
523,,,,,,,,,BGR,YCrCb,14,"(14, 14)","(5, 5)","(2,)","(15, 15)","(0, 1, 2)",128,True,True,True
524,,,,,,,,,BGR,YCrCb,14,"(14, 14)","(5, 5)","(2,)","(15, 15)","(0, 1, 2)",256,True,True,True
525,,,,,,,,,BGR,YCrCb,14,"(14, 14)","(5, 5)","(0, 1, 2)","(15, 15)","(0, 1, 2)",32,True,True,True
526,,,,,,,,,BGR,YCrCb,14,"(14, 14)","(5, 5)","(0, 1, 2)","(15, 15)","(0, 1, 2)",128,True,True,True
527,,,,,,,,,BGR,YCrCb,14,"(14, 14)","(5, 5)","(0, 1, 2)","(15, 15)","(0, 1, 2)",256,True,True,True
528,,,,,,,,,BGR,YCrCb,14,"(16, 16)","(2, 2)","(0,)","(15, 15)","(0, 1, 2)",32,True,True,True
529,,,,,,,,,BGR,YCrCb,14,"(16, 16)","(2, 2)","(0,)","(15, 15)","(0, 1, 2)",128,True,True,True
530,,,,,,,,,BGR,YCrCb,14,"(16, 16)","(2, 2)","(0,)","(15, 15)","(0, 1, 2)",256,True,True,True
531,,,,,,,,,BGR,YCrCb,14,"(16, 16)","(2, 2)","(1,)","(15, 15)","(0, 1, 2)",32,True,True,True
532,,,,,,,,,BGR,YCrCb,14,"(16, 16)","(2, 2)","(1,)","(15, 15)","(0, 1, 2)",128,True,True,True
533,,,,,,,,,BGR,YCrCb,14,"(16, 16)","(2, 2)","(1,)","(15, 15)","(0, 1, 2)",256,True,True,True
534,,,,,,,,,BGR,YCrCb,14,"(16, 16)","(2, 2)","(2,)","(15, 15)","(0, 1, 2)",32,True,True,True
535,,,,,,,,,BGR,YCrCb,14,"(16, 16)","(2, 2)","(2,)","(15, 15)","(0, 1, 2)",128,True,True,True
536,,,,,,,,,BGR,YCrCb,14,"(16, 16)","(2, 2)","(2,)","(15, 15)","(0, 1, 2)",256,True,True,True
537,,,,,,,,,BGR,YCrCb,14,"(16, 16)","(2, 2)","(0, 1, 2)","(15, 15)","(0, 1, 2)",32,True,True,True
538,,,,,,,,,BGR,YCrCb,14,"(16, 16)","(2, 2)","(0, 1, 2)","(15, 15)","(0, 1, 2)",128,True,True,True
539,,,,,,,,,BGR,YCrCb,14,"(16, 16)","(2, 2)","(0, 1, 2)","(15, 15)","(0, 1, 2)",256,True,True,True
540,,,,,,,,,BGR,YCrCb,14,"(16, 16)","(3, 3)","(0,)","(15, 15)","(0, 1, 2)",32,True,True,True
541,,,,,,,,,BGR,YCrCb,14,"(16, 16)","(3, 3)","(0,)","(15, 15)","(0, 1, 2)",128,True,True,True
542,,,,,,,,,BGR,YCrCb,14,"(16, 16)","(3, 3)","(0,)","(15, 15)","(0, 1, 2)",256,True,True,True
543,,,,,,,,,BGR,YCrCb,14,"(16, 16)","(3, 3)","(1,)","(15, 15)","(0, 1, 2)",32,True,True,True
544,,,,,,,,,BGR,YCrCb,14,"(16, 16)","(3, 3)","(1,)","(15, 15)","(0, 1, 2)",128,True,True,True
545,,,,,,,,,BGR,YCrCb,14,"(16, 16)","(3, 3)","(1,)","(15, 15)","(0, 1, 2)",256,True,True,True
546,,,,,,,,,BGR,YCrCb,14,"(16, 16)","(3, 3)","(2,)","(15, 15)","(0, 1, 2)",32,True,True,True
547,,,,,,,,,BGR,YCrCb,14,"(16, 16)","(3, 3)","(2,)","(15, 15)","(0, 1, 2)",128,True,True,True
548,,,,,,,,,BGR,YCrCb,14,"(16, 16)","(3, 3)","(2,)","(15, 15)","(0, 1, 2)",256,True,True,True
549,,,,,,,,,BGR,YCrCb,14,"(16, 16)","(3, 3)","(0, 1, 2)","(15, 15)","(0, 1, 2)",32,True,True,True
550,,,,,,,,,BGR,YCrCb,14,"(16, 16)","(3, 3)","(0, 1, 2)","(15, 15)","(0, 1, 2)",128,True,True,True
551,,,,,,,,,BGR,YCrCb,14,"(16, 16)","(3, 3)","(0, 1, 2)","(15, 15)","(0, 1, 2)",256,True,True,True
552,,,,,,,,,BGR,YCrCb,14,"(16, 16)","(4, 4)","(0,)","(15, 15)","(0, 1, 2)",32,True,True,True
553,,,,,,,,,BGR,YCrCb,14,"(16, 16)","(4, 4)","(0,)","(15, 15)","(0, 1, 2)",128,True,True,True
554,,,,,,,,,BGR,YCrCb,14,"(16, 16)","(4, 4)","(0,)","(15, 15)","(0, 1, 2)",256,True,True,True
555,,,,,,,,,BGR,YCrCb,14,"(16, 16)","(4, 4)","(1,)","(15, 15)","(0, 1, 2)",32,True,True,True
556,,,,,,,,,BGR,YCrCb,14,"(16, 16)","(4, 4)","(1,)","(15, 15)","(0, 1, 2)",128,True,True,True
557,,,,,,,,,BGR,YCrCb,14,"(16, 16)","(4, 4)","(1,)","(15, 15)","(0, 1, 2)",256,True,True,True
558,,,,,,,,,BGR,YCrCb,14,"(16, 16)","(4, 4)","(2,)","(15, 15)","(0, 1, 2)",32,True,True,True
559,,,,,,,,,BGR,YCrCb,14,"(16, 16)","(4, 4)","(2,)","(15, 15)","(0, 1, 2)",128,True,True,True
560,,,,,,,,,BGR,YCrCb,14,"(16, 16)","(4, 4)","(2,)","(15, 15)","(0, 1, 2)",256,True,True,True
561,,,,,,,,,BGR,YCrCb,14,"(16, 16)","(4, 4)","(0, 1, 2)","(15, 15)","(0, 1, 2)",32,True,True,True
562,,,,,,,,,BGR,YCrCb,14,"(16, 16)","(4, 4)","(0, 1, 2)","(15, 15)","(0, 1, 2)",128,True,True,True
563,,,,,,,,,BGR,YCrCb,14,"(16, 16)","(4, 4)","(0, 1, 2)","(15, 15)","(0, 1, 2)",256,True,True,True
564,,,,,,,,,BGR,YCrCb,14,"(16, 16)","(5, 5)","(0,)","(15, 15)","(0, 1, 2)",32,True,True,True
565,,,,,,,,,BGR,YCrCb,14,"(16, 16)","(5, 5)","(0,)","(15, 15)","(0, 1, 2)",128,True,True,True
566,,,,,,,,,BGR,YCrCb,14,"(16, 16)","(5, 5)","(0,)","(15, 15)","(0, 1, 2)",256,True,True,True
567,,,,,,,,,BGR,YCrCb,14,"(16, 16)","(5, 5)","(1,)","(15, 15)","(0, 1, 2)",32,True,True,True
568,,,,,,,,,BGR,YCrCb,14,"(16, 16)","(5, 5)","(1,)","(15, 15)","(0, 1, 2)",128,True,True,True
569,,,,,,,,,BGR,YCrCb,14,"(16, 16)","(5, 5)","(1,)","(15, 15)","(0, 1, 2)",256,True,True,True
570,,,,,,,,,BGR,YCrCb,14,"(16, 16)","(5, 5)","(2,)","(15, 15)","(0, 1, 2)",32,True,True,True
571,,,,,,,,,BGR,YCrCb,14,"(16, 16)","(5, 5)","(2,)","(15, 15)","(0, 1, 2)",128,True,True,True
572,,,,,,,,,BGR,YCrCb,14,"(16, 16)","(5, 5)","(2,)","(15, 15)","(0, 1, 2)",256,True,True,True
573,,,,,,,,,BGR,YCrCb,14,"(16, 16)","(5, 5)","(0, 1, 2)","(15, 15)","(0, 1, 2)",32,True,True,True
574,,,,,,,,,BGR,YCrCb,14,"(16, 16)","(5, 5)","(0, 1, 2)","(15, 15)","(0, 1, 2)",128,True,True,True
575,,,,,,,,,BGR,YCrCb,14,"(16, 16)","(5, 5)","(0, 1, 2)","(15, 15)","(0, 1, 2)",256,True,True,True
576,,,,,,,,,BGR,YCrCb,16,"(8, 8)","(2, 2)","(0,)","(15, 15)","(0, 1, 2)",32,True,True,True
577,,,,,,,,,BGR,YCrCb,16,"(8, 8)","(2, 2)","(0,)","(15, 15)","(0, 1, 2)",128,True,True,True
578,,,,,,,,,BGR,YCrCb,16,"(8, 8)","(2, 2)","(0,)","(15, 15)","(0, 1, 2)",256,True,True,True
579,,,,,,,,,BGR,YCrCb,16,"(8, 8)","(2, 2)","(1,)","(15, 15)","(0, 1, 2)",32,True,True,True
580,,,,,,,,,BGR,YCrCb,16,"(8, 8)","(2, 2)","(1,)","(15, 15)","(0, 1, 2)",128,True,True,True
581,,,,,,,,,BGR,YCrCb,16,"(8, 8)","(2, 2)","(1,)","(15, 15)","(0, 1, 2)",256,True,True,True
582,,,,,,,,,BGR,YCrCb,16,"(8, 8)","(2, 2)","(2,)","(15, 15)","(0, 1, 2)",32,True,True,True
583,,,,,,,,,BGR,YCrCb,16,"(8, 8)","(2, 2)","(2,)","(15, 15)","(0, 1, 2)",128,True,True,True
584,,,,,,,,,BGR,YCrCb,16,"(8, 8)","(2, 2)","(2,)","(15, 15)","(0, 1, 2)",256,True,True,True
585,,,,,,,,,BGR,YCrCb,16,"(8, 8)","(2, 2)","(0, 1, 2)","(15, 15)","(0, 1, 2)",32,True,True,True
586,,,,,,,,,BGR,YCrCb,16,"(8, 8)","(2, 2)","(0, 1, 2)","(15, 15)","(0, 1, 2)",128,True,True,True
587,,,,,,,,,BGR,YCrCb,16,"(8, 8)","(2, 2)","(0, 1, 2)","(15, 15)","(0, 1, 2)",256,True,True,True
588,,,,,,,,,BGR,YCrCb,16,"(8, 8)","(3, 3)","(0,)","(15, 15)","(0, 1, 2)",32,True,True,True
589,,,,,,,,,BGR,YCrCb,16,"(8, 8)","(3, 3)","(0,)","(15, 15)","(0, 1, 2)",128,True,True,True
590,,,,,,,,,BGR,YCrCb,16,"(8, 8)","(3, 3)","(0,)","(15, 15)","(0, 1, 2)",256,True,True,True
591,,,,,,,,,BGR,YCrCb,16,"(8, 8)","(3, 3)","(1,)","(15, 15)","(0, 1, 2)",32,True,True,True
592,,,,,,,,,BGR,YCrCb,16,"(8, 8)","(3, 3)","(1,)","(15, 15)","(0, 1, 2)",128,True,True,True
593,,,,,,,,,BGR,YCrCb,16,"(8, 8)","(3, 3)","(1,)","(15, 15)","(0, 1, 2)",256,True,True,True
594,,,,,,,,,BGR,YCrCb,16,"(8, 8)","(3, 3)","(2,)","(15, 15)","(0, 1, 2)",32,True,True,True
595,,,,,,,,,BGR,YCrCb,16,"(8, 8)","(3, 3)","(2,)","(15, 15)","(0, 1, 2)",128,True,True,True
596,,,,,,,,,BGR,YCrCb,16,"(8, 8)","(3, 3)","(2,)","(15, 15)","(0, 1, 2)",256,True,True,True
597,,,,,,,,,BGR,YCrCb,16,"(8, 8)","(3, 3)","(0, 1, 2)","(15, 15)","(0, 1, 2)",32,True,True,True
598,,,,,,,,,BGR,YCrCb,16,"(8, 8)","(3, 3)","(0, 1, 2)","(15, 15)","(0, 1, 2)",128,True,True,True
599,,,,,,,,,BGR,YCrCb,16,"(8, 8)","(3, 3)","(0, 1, 2)","(15, 15)","(0, 1, 2)",256,True,True,True
600,,,,,,,,,BGR,YCrCb,16,"(8, 8)","(4, 4)","(0,)","(15, 15)","(0, 1, 2)",32,True,True,True
601,,,,,,,,,BGR,YCrCb,16,"(8, 8)","(4, 4)","(0,)","(15, 15)","(0, 1, 2)",128,True,True,True
602,,,,,,,,,BGR,YCrCb,16,"(8, 8)","(4, 4)","(0,)","(15, 15)","(0, 1, 2)",256,True,True,True
603,,,,,,,,,BGR,YCrCb,16,"(8, 8)","(4, 4)","(1,)","(15, 15)","(0, 1, 2)",32,True,True,True
604,,,,,,,,,BGR,YCrCb,16,"(8, 8)","(4, 4)","(1,)","(15, 15)","(0, 1, 2)",128,True,True,True
605,,,,,,,,,BGR,YCrCb,16,"(8, 8)","(4, 4)","(1,)","(15, 15)","(0, 1, 2)",256,True,True,True
606,,,,,,,,,BGR,YCrCb,16,"(8, 8)","(4, 4)","(2,)","(15, 15)","(0, 1, 2)",32,True,True,True
607,,,,,,,,,BGR,YCrCb,16,"(8, 8)","(4, 4)","(2,)","(15, 15)","(0, 1, 2)",128,True,True,True
608,,,,,,,,,BGR,YCrCb,16,"(8, 8)","(4, 4)","(2,)","(15, 15)","(0, 1, 2)",256,True,True,True
609,,,,,,,,,BGR,YCrCb,16,"(8, 8)","(4, 4)","(0, 1, 2)","(15, 15)","(0, 1, 2)",32,True,True,True
610,,,,,,,,,BGR,YCrCb,16,"(8, 8)","(4, 4)","(0, 1, 2)","(15, 15)","(0, 1, 2)",128,True,True,True
611,,,,,,,,,BGR,YCrCb,16,"(8, 8)","(4, 4)","(0, 1, 2)","(15, 15)","(0, 1, 2)",256,True,True,True
612,,,,,,,,,BGR,YCrCb,16,"(8, 8)","(5, 5)","(0,)","(15, 15)","(0, 1, 2)",32,True,True,True
613,,,,,,,,,BGR,YCrCb,16,"(8, 8)","(5, 5)","(0,)","(15, 15)","(0, 1, 2)",128,True,True,True
614,,,,,,,,,BGR,YCrCb,16,"(8, 8)","(5, 5)","(0,)","(15, 15)","(0, 1, 2)",256,True,True,True
615,,,,,,,,,BGR,YCrCb,16,"(8, 8)","(5, 5)","(1,)","(15, 15)","(0, 1, 2)",32,True,True,True
616,,,,,,,,,BGR,YCrCb,16,"(8, 8)","(5, 5)","(1,)","(15, 15)","(0, 1, 2)",128,True,True,True
617,,,,,,,,,BGR,YCrCb,16,"(8, 8)","(5, 5)","(1,)","(15, 15)","(0, 1, 2)",256,True,True,True
618,,,,,,,,,BGR,YCrCb,16,"(8, 8)","(5, 5)","(2,)","(15, 15)","(0, 1, 2)",32,True,True,True
619,,,,,,,,,BGR,YCrCb,16,"(8, 8)","(5, 5)","(2,)","(15, 15)","(0, 1, 2)",128,True,True,True
620,,,,,,,,,BGR,YCrCb,16,"(8, 8)","(5, 5)","(2,)","(15, 15)","(0, 1, 2)",256,True,True,True
621,,,,,,,,,BGR,YCrCb,16,"(8, 8)","(5, 5)","(0, 1, 2)","(15, 15)","(0, 1, 2)",32,True,True,True
622,,,,,,,,,BGR,YCrCb,16,"(8, 8)","(5, 5)","(0, 1, 2)","(15, 15)","(0, 1, 2)",128,True,True,True
623,,,,,,,,,BGR,YCrCb,16,"(8, 8)","(5, 5)","(0, 1, 2)","(15, 15)","(0, 1, 2)",256,True,True,True
624,,,,,,,,,BGR,YCrCb,16,"(12, 12)","(2, 2)","(0,)","(15, 15)","(0, 1, 2)",32,True,True,True
625,,,,,,,,,BGR,YCrCb,16,"(12, 12)","(2, 2)","(0,)","(15, 15)","(0, 1, 2)",128,True,True,True
626,,,,,,,,,BGR,YCrCb,16,"(12, 12)","(2, 2)","(0,)","(15, 15)","(0, 1, 2)",256,True,True,True
627,,,,,,,,,BGR,YCrCb,16,"(12, 12)","(2, 2)","(1,)","(15, 15)","(0, 1, 2)",32,True,True,True
628,,,,,,,,,BGR,YCrCb,16,"(12, 12)","(2, 2)","(1,)","(15, 15)","(0, 1, 2)",128,True,True,True
629,,,,,,,,,BGR,YCrCb,16,"(12, 12)","(2, 2)","(1,)","(15, 15)","(0, 1, 2)",256,True,True,True
630,,,,,,,,,BGR,YCrCb,16,"(12, 12)","(2, 2)","(2,)","(15, 15)","(0, 1, 2)",32,True,True,True
631,,,,,,,,,BGR,YCrCb,16,"(12, 12)","(2, 2)","(2,)","(15, 15)","(0, 1, 2)",128,True,True,True
632,,,,,,,,,BGR,YCrCb,16,"(12, 12)","(2, 2)","(2,)","(15, 15)","(0, 1, 2)",256,True,True,True
633,,,,,,,,,BGR,YCrCb,16,"(12, 12)","(2, 2)","(0, 1, 2)","(15, 15)","(0, 1, 2)",32,True,True,True
634,,,,,,,,,BGR,YCrCb,16,"(12, 12)","(2, 2)","(0, 1, 2)","(15, 15)","(0, 1, 2)",128,True,True,True
635,,,,,,,,,BGR,YCrCb,16,"(12, 12)","(2, 2)","(0, 1, 2)","(15, 15)","(0, 1, 2)",256,True,True,True
636,,,,,,,,,BGR,YCrCb,16,"(12, 12)","(3, 3)","(0,)","(15, 15)","(0, 1, 2)",32,True,True,True
637,,,,,,,,,BGR,YCrCb,16,"(12, 12)","(3, 3)","(0,)","(15, 15)","(0, 1, 2)",128,True,True,True
638,,,,,,,,,BGR,YCrCb,16,"(12, 12)","(3, 3)","(0,)","(15, 15)","(0, 1, 2)",256,True,True,True
639,,,,,,,,,BGR,YCrCb,16,"(12, 12)","(3, 3)","(1,)","(15, 15)","(0, 1, 2)",32,True,True,True
640,,,,,,,,,BGR,YCrCb,16,"(12, 12)","(3, 3)","(1,)","(15, 15)","(0, 1, 2)",128,True,True,True
641,,,,,,,,,BGR,YCrCb,16,"(12, 12)","(3, 3)","(1,)","(15, 15)","(0, 1, 2)",256,True,True,True
642,,,,,,,,,BGR,YCrCb,16,"(12, 12)","(3, 3)","(2,)","(15, 15)","(0, 1, 2)",32,True,True,True
643,,,,,,,,,BGR,YCrCb,16,"(12, 12)","(3, 3)","(2,)","(15, 15)","(0, 1, 2)",128,True,True,True
644,,,,,,,,,BGR,YCrCb,16,"(12, 12)","(3, 3)","(2,)","(15, 15)","(0, 1, 2)",256,True,True,True
645,,,,,,,,,BGR,YCrCb,16,"(12, 12)","(3, 3)","(0, 1, 2)","(15, 15)","(0, 1, 2)",32,True,True,True
646,,,,,,,,,BGR,YCrCb,16,"(12, 12)","(3, 3)","(0, 1, 2)","(15, 15)","(0, 1, 2)",128,True,True,True
647,,,,,,,,,BGR,YCrCb,16,"(12, 12)","(3, 3)","(0, 1, 2)","(15, 15)","(0, 1, 2)",256,True,True,True
648,,,,,,,,,BGR,YCrCb,16,"(12, 12)","(4, 4)","(0,)","(15, 15)","(0, 1, 2)",32,True,True,True
649,,,,,,,,,BGR,YCrCb,16,"(12, 12)","(4, 4)","(0,)","(15, 15)","(0, 1, 2)",128,True,True,True
650,,,,,,,,,BGR,YCrCb,16,"(12, 12)","(4, 4)","(0,)","(15, 15)","(0, 1, 2)",256,True,True,True
651,,,,,,,,,BGR,YCrCb,16,"(12, 12)","(4, 4)","(1,)","(15, 15)","(0, 1, 2)",32,True,True,True
652,,,,,,,,,BGR,YCrCb,16,"(12, 12)","(4, 4)","(1,)","(15, 15)","(0, 1, 2)",128,True,True,True
653,,,,,,,,,BGR,YCrCb,16,"(12, 12)","(4, 4)","(1,)","(15, 15)","(0, 1, 2)",256,True,True,True
654,,,,,,,,,BGR,YCrCb,16,"(12, 12)","(4, 4)","(2,)","(15, 15)","(0, 1, 2)",32,True,True,True
655,,,,,,,,,BGR,YCrCb,16,"(12, 12)","(4, 4)","(2,)","(15, 15)","(0, 1, 2)",128,True,True,True
656,,,,,,,,,BGR,YCrCb,16,"(12, 12)","(4, 4)","(2,)","(15, 15)","(0, 1, 2)",256,True,True,True
657,,,,,,,,,BGR,YCrCb,16,"(12, 12)","(4, 4)","(0, 1, 2)","(15, 15)","(0, 1, 2)",32,True,True,True
658,,,,,,,,,BGR,YCrCb,16,"(12, 12)","(4, 4)","(0, 1, 2)","(15, 15)","(0, 1, 2)",128,True,True,True
659,,,,,,,,,BGR,YCrCb,16,"(12, 12)","(4, 4)","(0, 1, 2)","(15, 15)","(0, 1, 2)",256,True,True,True
660,,,,,,,,,BGR,YCrCb,16,"(12, 12)","(5, 5)","(0,)","(15, 15)","(0, 1, 2)",32,True,True,True
661,,,,,,,,,BGR,YCrCb,16,"(12, 12)","(5, 5)","(0,)","(15, 15)","(0, 1, 2)",128,True,True,True
662,,,,,,,,,BGR,YCrCb,16,"(12, 12)","(5, 5)","(0,)","(15, 15)","(0, 1, 2)",256,True,True,True
663,,,,,,,,,BGR,YCrCb,16,"(12, 12)","(5, 5)","(1,)","(15, 15)","(0, 1, 2)",32,True,True,True
664,,,,,,,,,BGR,YCrCb,16,"(12, 12)","(5, 5)","(1,)","(15, 15)","(0, 1, 2)",128,True,True,True
665,,,,,,,,,BGR,YCrCb,16,"(12, 12)","(5, 5)","(1,)","(15, 15)","(0, 1, 2)",256,True,True,True
666,,,,,,,,,BGR,YCrCb,16,"(12, 12)","(5, 5)","(2,)","(15, 15)","(0, 1, 2)",32,True,True,True
667,,,,,,,,,BGR,YCrCb,16,"(12, 12)","(5, 5)","(2,)","(15, 15)","(0, 1, 2)",128,True,True,True
668,,,,,,,,,BGR,YCrCb,16,"(12, 12)","(5, 5)","(2,)","(15, 15)","(0, 1, 2)",256,True,True,True
669,,,,,,,,,BGR,YCrCb,16,"(12, 12)","(5, 5)","(0, 1, 2)","(15, 15)","(0, 1, 2)",32,True,True,True
670,,,,,,,,,BGR,YCrCb,16,"(12, 12)","(5, 5)","(0, 1, 2)","(15, 15)","(0, 1, 2)",128,True,True,True
671,,,,,,,,,BGR,YCrCb,16,"(12, 12)","(5, 5)","(0, 1, 2)","(15, 15)","(0, 1, 2)",256,True,True,True
672,,,,,,,,,BGR,YCrCb,16,"(14, 14)","(2, 2)","(0,)","(15, 15)","(0, 1, 2)",32,True,True,True
673,,,,,,,,,BGR,YCrCb,16,"(14, 14)","(2, 2)","(0,)","(15, 15)","(0, 1, 2)",128,True,True,True
674,,,,,,,,,BGR,YCrCb,16,"(14, 14)","(2, 2)","(0,)","(15, 15)","(0, 1, 2)",256,True,True,True
675,,,,,,,,,BGR,YCrCb,16,"(14, 14)","(2, 2)","(1,)","(15, 15)","(0, 1, 2)",32,True,True,True
676,,,,,,,,,BGR,YCrCb,16,"(14, 14)","(2, 2)","(1,)","(15, 15)","(0, 1, 2)",128,True,True,True
677,,,,,,,,,BGR,YCrCb,16,"(14, 14)","(2, 2)","(1,)","(15, 15)","(0, 1, 2)",256,True,True,True
678,,,,,,,,,BGR,YCrCb,16,"(14, 14)","(2, 2)","(2,)","(15, 15)","(0, 1, 2)",32,True,True,True
679,,,,,,,,,BGR,YCrCb,16,"(14, 14)","(2, 2)","(2,)","(15, 15)","(0, 1, 2)",128,True,True,True
680,,,,,,,,,BGR,YCrCb,16,"(14, 14)","(2, 2)","(2,)","(15, 15)","(0, 1, 2)",256,True,True,True
681,,,,,,,,,BGR,YCrCb,16,"(14, 14)","(2, 2)","(0, 1, 2)","(15, 15)","(0, 1, 2)",32,True,True,True
682,,,,,,,,,BGR,YCrCb,16,"(14, 14)","(2, 2)","(0, 1, 2)","(15, 15)","(0, 1, 2)",128,True,True,True
683,,,,,,,,,BGR,YCrCb,16,"(14, 14)","(2, 2)","(0, 1, 2)","(15, 15)","(0, 1, 2)",256,True,True,True
684,,,,,,,,,BGR,YCrCb,16,"(14, 14)","(3, 3)","(0,)","(15, 15)","(0, 1, 2)",32,True,True,True
685,,,,,,,,,BGR,YCrCb,16,"(14, 14)","(3, 3)","(0,)","(15, 15)","(0, 1, 2)",128,True,True,True
686,,,,,,,,,BGR,YCrCb,16,"(14, 14)","(3, 3)","(0,)","(15, 15)","(0, 1, 2)",256,True,True,True
687,,,,,,,,,BGR,YCrCb,16,"(14, 14)","(3, 3)","(1,)","(15, 15)","(0, 1, 2)",32,True,True,True
688,,,,,,,,,BGR,YCrCb,16,"(14, 14)","(3, 3)","(1,)","(15, 15)","(0, 1, 2)",128,True,True,True
689,,,,,,,,,BGR,YCrCb,16,"(14, 14)","(3, 3)","(1,)","(15, 15)","(0, 1, 2)",256,True,True,True
690,,,,,,,,,BGR,YCrCb,16,"(14, 14)","(3, 3)","(2,)","(15, 15)","(0, 1, 2)",32,True,True,True
691,,,,,,,,,BGR,YCrCb,16,"(14, 14)","(3, 3)","(2,)","(15, 15)","(0, 1, 2)",128,True,True,True
692,,,,,,,,,BGR,YCrCb,16,"(14, 14)","(3, 3)","(2,)","(15, 15)","(0, 1, 2)",256,True,True,True
693,,,,,,,,,BGR,YCrCb,16,"(14, 14)","(3, 3)","(0, 1, 2)","(15, 15)","(0, 1, 2)",32,True,True,True
694,,,,,,,,,BGR,YCrCb,16,"(14, 14)","(3, 3)","(0, 1, 2)","(15, 15)","(0, 1, 2)",128,True,True,True
695,,,,,,,,,BGR,YCrCb,16,"(14, 14)","(3, 3)","(0, 1, 2)","(15, 15)","(0, 1, 2)",256,True,True,True
696,,,,,,,,,BGR,YCrCb,16,"(14, 14)","(4, 4)","(0,)","(15, 15)","(0, 1, 2)",32,True,True,True
697,,,,,,,,,BGR,YCrCb,16,"(14, 14)","(4, 4)","(0,)","(15, 15)","(0, 1, 2)",128,True,True,True
698,,,,,,,,,BGR,YCrCb,16,"(14, 14)","(4, 4)","(0,)","(15, 15)","(0, 1, 2)",256,True,True,True
699,,,,,,,,,BGR,YCrCb,16,"(14, 14)","(4, 4)","(1,)","(15, 15)","(0, 1, 2)",32,True,True,True
700,,,,,,,,,BGR,YCrCb,16,"(14, 14)","(4, 4)","(1,)","(15, 15)","(0, 1, 2)",128,True,True,True
701,,,,,,,,,BGR,YCrCb,16,"(14, 14)","(4, 4)","(1,)","(15, 15)","(0, 1, 2)",256,True,True,True
702,,,,,,,,,BGR,YCrCb,16,"(14, 14)","(4, 4)","(2,)","(15, 15)","(0, 1, 2)",32,True,True,True
703,,,,,,,,,BGR,YCrCb,16,"(14, 14)","(4, 4)","(2,)","(15, 15)","(0, 1, 2)",128,True,True,True
704,,,,,,,,,BGR,YCrCb,16,"(14, 14)","(4, 4)","(2,)","(15, 15)","(0, 1, 2)",256,True,True,True
705,,,,,,,,,BGR,YCrCb,16,"(14, 14)","(4, 4)","(0, 1, 2)","(15, 15)","(0, 1, 2)",32,True,True,True
706,,,,,,,,,BGR,YCrCb,16,"(14, 14)","(4, 4)","(0, 1, 2)","(15, 15)","(0, 1, 2)",128,True,True,True
707,,,,,,,,,BGR,YCrCb,16,"(14, 14)","(4, 4)","(0, 1, 2)","(15, 15)","(0, 1, 2)",256,True,True,True
708,,,,,,,,,BGR,YCrCb,16,"(14, 14)","(5, 5)","(0,)","(15, 15)","(0, 1, 2)",32,True,True,True
709,,,,,,,,,BGR,YCrCb,16,"(14, 14)","(5, 5)","(0,)","(15, 15)","(0, 1, 2)",128,True,True,True
710,,,,,,,,,BGR,YCrCb,16,"(14, 14)","(5, 5)","(0,)","(15, 15)","(0, 1, 2)",256,True,True,True
711,,,,,,,,,BGR,YCrCb,16,"(14, 14)","(5, 5)","(1,)","(15, 15)","(0, 1, 2)",32,True,True,True
712,,,,,,,,,BGR,YCrCb,16,"(14, 14)","(5, 5)","(1,)","(15, 15)","(0, 1, 2)",128,True,True,True
713,,,,,,,,,BGR,YCrCb,16,"(14, 14)","(5, 5)","(1,)","(15, 15)","(0, 1, 2)",256,True,True,True
714,,,,,,,,,BGR,YCrCb,16,"(14, 14)","(5, 5)","(2,)","(15, 15)","(0, 1, 2)",32,True,True,True
715,,,,,,,,,BGR,YCrCb,16,"(14, 14)","(5, 5)","(2,)","(15, 15)","(0, 1, 2)",128,True,True,True
716,,,,,,,,,BGR,YCrCb,16,"(14, 14)","(5, 5)","(2,)","(15, 15)","(0, 1, 2)",256,True,True,True
717,,,,,,,,,BGR,YCrCb,16,"(14, 14)","(5, 5)","(0, 1, 2)","(15, 15)","(0, 1, 2)",32,True,True,True
718,,,,,,,,,BGR,YCrCb,16,"(14, 14)","(5, 5)","(0, 1, 2)","(15, 15)","(0, 1, 2)",128,True,True,True
719,,,,,,,,,BGR,YCrCb,16,"(14, 14)","(5, 5)","(0, 1, 2)","(15, 15)","(0, 1, 2)",256,True,True,True
720,,,,,,,,,BGR,YCrCb,16,"(16, 16)","(2, 2)","(0,)","(15, 15)","(0, 1, 2)",32,True,True,True
721,,,,,,,,,BGR,YCrCb,16,"(16, 16)","(2, 2)","(0,)","(15, 15)","(0, 1, 2)",128,True,True,True
722,,,,,,,,,BGR,YCrCb,16,"(16, 16)","(2, 2)","(0,)","(15, 15)","(0, 1, 2)",256,True,True,True
723,,,,,,,,,BGR,YCrCb,16,"(16, 16)","(2, 2)","(1,)","(15, 15)","(0, 1, 2)",32,True,True,True
724,,,,,,,,,BGR,YCrCb,16,"(16, 16)","(2, 2)","(1,)","(15, 15)","(0, 1, 2)",128,True,True,True
725,,,,,,,,,BGR,YCrCb,16,"(16, 16)","(2, 2)","(1,)","(15, 15)","(0, 1, 2)",256,True,True,True
726,,,,,,,,,BGR,YCrCb,16,"(16, 16)","(2, 2)","(2,)","(15, 15)","(0, 1, 2)",32,True,True,True
727,,,,,,,,,BGR,YCrCb,16,"(16, 16)","(2, 2)","(2,)","(15, 15)","(0, 1, 2)",128,True,True,True
728,,,,,,,,,BGR,YCrCb,16,"(16, 16)","(2, 2)","(2,)","(15, 15)","(0, 1, 2)",256,True,True,True
729,,,,,,,,,BGR,YCrCb,16,"(16, 16)","(2, 2)","(0, 1, 2)","(15, 15)","(0, 1, 2)",32,True,True,True
730,,,,,,,,,BGR,YCrCb,16,"(16, 16)","(2, 2)","(0, 1, 2)","(15, 15)","(0, 1, 2)",128,True,True,True
731,,,,,,,,,BGR,YCrCb,16,"(16, 16)","(2, 2)","(0, 1, 2)","(15, 15)","(0, 1, 2)",256,True,True,True
732,,,,,,,,,BGR,YCrCb,16,"(16, 16)","(3, 3)","(0,)","(15, 15)","(0, 1, 2)",32,True,True,True
733,,,,,,,,,BGR,YCrCb,16,"(16, 16)","(3, 3)","(0,)","(15, 15)","(0, 1, 2)",128,True,True,True
734,,,,,,,,,BGR,YCrCb,16,"(16, 16)","(3, 3)","(0,)","(15, 15)","(0, 1, 2)",256,True,True,True
735,,,,,,,,,BGR,YCrCb,16,"(16, 16)","(3, 3)","(1,)","(15, 15)","(0, 1, 2)",32,True,True,True
736,,,,,,,,,BGR,YCrCb,16,"(16, 16)","(3, 3)","(1,)","(15, 15)","(0, 1, 2)",128,True,True,True
737,,,,,,,,,BGR,YCrCb,16,"(16, 16)","(3, 3)","(1,)","(15, 15)","(0, 1, 2)",256,True,True,True
738,,,,,,,,,BGR,YCrCb,16,"(16, 16)","(3, 3)","(2,)","(15, 15)","(0, 1, 2)",32,True,True,True
739,,,,,,,,,BGR,YCrCb,16,"(16, 16)","(3, 3)","(2,)","(15, 15)","(0, 1, 2)",128,True,True,True
740,,,,,,,,,BGR,YCrCb,16,"(16, 16)","(3, 3)","(2,)","(15, 15)","(0, 1, 2)",256,True,True,True
741,,,,,,,,,BGR,YCrCb,16,"(16, 16)","(3, 3)","(0, 1, 2)","(15, 15)","(0, 1, 2)",32,True,True,True
742,,,,,,,,,BGR,YCrCb,16,"(16, 16)","(3, 3)","(0, 1, 2)","(15, 15)","(0, 1, 2)",128,True,True,True
743,,,,,,,,,BGR,YCrCb,16,"(16, 16)","(3, 3)","(0, 1, 2)","(15, 15)","(0, 1, 2)",256,True,True,True
744,,,,,,,,,BGR,YCrCb,16,"(16, 16)","(4, 4)","(0,)","(15, 15)","(0, 1, 2)",32,True,True,True
745,,,,,,,,,BGR,YCrCb,16,"(16, 16)","(4, 4)","(0,)","(15, 15)","(0, 1, 2)",128,True,True,True
746,,,,,,,,,BGR,YCrCb,16,"(16, 16)","(4, 4)","(0,)","(15, 15)","(0, 1, 2)",256,True,True,True
747,,,,,,,,,BGR,YCrCb,16,"(16, 16)","(4, 4)","(1,)","(15, 15)","(0, 1, 2)",32,True,True,True
748,,,,,,,,,BGR,YCrCb,16,"(16, 16)","(4, 4)","(1,)","(15, 15)","(0, 1, 2)",128,True,True,True
749,,,,,,,,,BGR,YCrCb,16,"(16, 16)","(4, 4)","(1,)","(15, 15)","(0, 1, 2)",256,True,True,True
750,,,,,,,,,BGR,YCrCb,16,"(16, 16)","(4, 4)","(2,)","(15, 15)","(0, 1, 2)",32,True,True,True
751,,,,,,,,,BGR,YCrCb,16,"(16, 16)","(4, 4)","(2,)","(15, 15)","(0, 1, 2)",128,True,True,True
752,,,,,,,,,BGR,YCrCb,16,"(16, 16)","(4, 4)","(2,)","(15, 15)","(0, 1, 2)",256,True,True,True
753,,,,,,,,,BGR,YCrCb,16,"(16, 16)","(4, 4)","(0, 1, 2)","(15, 15)","(0, 1, 2)",32,True,True,True
754,,,,,,,,,BGR,YCrCb,16,"(16, 16)","(4, 4)","(0, 1, 2)","(15, 15)","(0, 1, 2)",128,True,True,True
755,,,,,,,,,BGR,YCrCb,16,"(16, 16)","(4, 4)","(0, 1, 2)","(15, 15)","(0, 1, 2)",256,True,True,True
756,,,,,,,,,BGR,YCrCb,16,"(16, 16)","(5, 5)","(0,)","(15, 15)","(0, 1, 2)",32,True,True,True
757,,,,,,,,,BGR,YCrCb,16,"(16, 16)","(5, 5)","(0,)","(15, 15)","(0, 1, 2)",128,True,True,True
758,,,,,,,,,BGR,YCrCb,16,"(16, 16)","(5, 5)","(0,)","(15, 15)","(0, 1, 2)",256,True,True,True
759,,,,,,,,,BGR,YCrCb,16,"(16, 16)","(5, 5)","(1,)","(15, 15)","(0, 1, 2)",32,True,True,True
760,,,,,,,,,BGR,YCrCb,16,"(16, 16)","(5, 5)","(1,)","(15, 15)","(0, 1, 2)",128,True,True,True
761,,,,,,,,,BGR,YCrCb,16,"(16, 16)","(5, 5)","(1,)","(15, 15)","(0, 1, 2)",256,True,True,True
762,,,,,,,,,BGR,YCrCb,16,"(16, 16)","(5, 5)","(2,)","(15, 15)","(0, 1, 2)",32,True,True,True
763,,,,,,,,,BGR,YCrCb,16,"(16, 16)","(5, 5)","(2,)","(15, 15)","(0, 1, 2)",128,True,True,True
764,,,,,,,,,BGR,YCrCb,16,"(16, 16)","(5, 5)","(2,)","(15, 15)","(0, 1, 2)",256,True,True,True
765,,,,,,,,,BGR,YCrCb,16,"(16, 16)","(5, 5)","(0, 1, 2)","(15, 15)","(0, 1, 2)",32,True,True,True
766,,,,,,,,,BGR,YCrCb,16,"(16, 16)","(5, 5)","(0, 1, 2)","(15, 15)","(0, 1, 2)",128,True,True,True
767,,,,,,,,,BGR,YCrCb,16,"(16, 16)","(5, 5)","(0, 1, 2)","(15, 15)","(0, 1, 2)",256,True,True,True
